0.118969350226,0.0740181660736,0.074794457152,0.0164887954327,0.0278431012678,0.00953616136789,0.00227342982762,0.0090903152101,0.00241236220317,0.0101226466455,0.005207004028,0.00732685200848,5.83168574434e-05,0.000246625555489,0.0102119302899,0.00241228239576,0.00143467221885,0.000666879860723,0.0308354778026,0.0082789833288,0.00869048102455,0.0327675871672,0.00202762593372,0.456814294437,0.421403126563,0.33155302049,0.0428264494767,0.0378695804877,0.938962732655,0.929452577488,0.230340766553,0.999221723933,0.486118464486,0.296099133497,0.247821599765,0.00512513496346,0.232656600049,0.173955643301,0.039176701773,0.439021639179,0.211700105881,0.999222001147,0.22265478991,0.402644507576,0.0173395357311,0.382790972383,0.0453926299814,0.0538160977441,0.302676305235,0.085239588334,0.0800880872523,0.514162459975,0.180831193348,0.999222001149,0.765145866029,0.00882283871379,0.999222001149,0.999222001149,0.999222001149,0.324839815254,0.00998473666629,0.0813810147626,0.194879329288,0.124969994199,0.489747611155,0.0148564661406,0.161696356571,0.503569545991,0.145574010176,0.0210756028429,0.852700131356,0.317752292452,0.00751901447888,0.0292178845832,0.0616821178699,0.999222001149,0.505743143505,0.199160049294,0.0851731495307,0.292842935386,0.097446785686,0.406364002137,0.0581603815705,0.991188729551,0.464072309834,0.565486090177,0.481735830893,0.326700926548,0.50256238643,0.499650734847,0.223912365524,0.522697713097,0.220741990049,0.0394872752046,0.161229337919,0.00772720910395,0.488690313654,0.354764377446,0.51767467412,0.999222001149,0.999222001149,0.439144300643,0.441211549993,0.12138843363,0.450649315575,0.590797866917,0.363220226564,0.227733605236,0.494611171087,0.481754917095,0.351363114535,0.328357394627,0.51064280046,0.999222001149,0.999222001149,0.999222001149,0.999222001149,0.597574981837,0.528878618226,0.347188093086,0.0474829292611,0.158272085864,0.999222001149,0.999222001149,0.999222001149,0.67998527223,0.184107366946,0.999222001149,0.999222001149,0.999222001149,0.450984900321,0.0329598781699,0.501540988086,0.999222001149,0.57164418191,0.498149516552,0.129299846246,0.503216153616,0.999222001149,0.90475487105,0.224692120294,0.091283632003,0.321928739622,0.265407882614,0.459802230955,0.00646977077014,0.00493260253229,0.396413154078,0.230469178468,0.459122674668,0.487056855101,0.0433406656665,0.16913664525,0.118748243594,0.196696973143,0.494490525915,0.4730741467,0.0766076367659,0.458008929403,0.299375058259,0.999222001149,0.999222001149,0.90528226877,0.136465600319,0.27688099525,0.446998411942,0.246282741041,0.087687786501,0.00389870272627,0.364076370294,0.999222001149,0.999222001149,0.181418335137,0.156940644093,0.273767410972,0.655158928292,0.999222001149,0.501022932081,0.487701195402,0.456395223498,0.544714175932,0.999222001149,0.505445156792,0.545915197439,0.513377496008,0.0623587388442,0.00430393087966,0.300964077005,0.316427445794,0.476125053109,0.47872962738,0.0377734395309,0.464857625284,0.142115324061,0.999222001149,0.500317956365,0.495220544642,0.782754603653,0.473208416294,0.578729636642
0.0448121333954,0.309267652455,0.0933114792439,0.0421584054944,0.0850092267031,0.0426304892084,0.000710169708266,0.0457372444664,0.00548987573111,0.0176034774559,0.0247211707359,0.00729621171993,0.00883015857556,0.0355911934875,0.0179177014757,0.00490125711912,0.0464701703995,0.0908893063978,0.013663522285,0.0626905337575,0.0475301107102,0.0513030653241,0.0743105027219,0.0881913421773,0.46978663732,0.734665709362,0.510910516689,0.50180598482,0.494556793214,0.273878920687,0.087555805405,0.502359482663,0.508215766342,0.134875627515,0.489013230806,0.594771927221,0.283562533248,0.965874461781,0.487493946598,0.966045849361,0.966107109129,0.774048693004,0.0861692783875,0.553403741732,0.966139684263,0.562592424841,0.541237105772,0.221961576342,0.405788734161,0.493707093189,0.502345999389,0.468042920999,0.966143834812,0.966143860007,0.497640620346,0.496938473696,0.390433006662,0.406844088015,0.0251958717807,0.0568724942616,0.0044691401105,0.0176592344636,0.00283828741846,0.00430466929524,0.00076737502775,0.00625408118742,0.00212567399533,0.000431526781984,0.00221267632541,0.492196775093,0.456619774002,0.457892046494,0.0152574001153,0.995856426592,0.996901530684,0.998280028927,0.998692360901,0.998897809271,0.998937119305,0.492467461492,0.999126248711,0.444989895203,0.999142028242,0.133624505046,0.99920516702,0.449825476022,0.317127403877,0.114293340787,0.437612455004,0.909201062224,0.457630246815,0.20770008327,0.614952495189,0.0128427442788,0.00670437605889,0.530090705933,0.011624078162,0.237710339287,0.999210048919,0.999210049909,0.675650231351,0.425027120141,0.563217617094,0.329045863557,0.14160059735,0.315219135283,0.534734790155,0.125984023842,0.999210053291,0.999210053304,0.999210053305,0.00575735660084,0.426443257961,0.456499747686,0.42423954503,0.271223300809,0.485181375016,0.328390457702,0.310366431688,0.304997582543,0.1399352073,0.999210053329,0.0905712040211,0.315958380873,0.307759327318,0.0497178030399,0.317633084081,0.431532051635,0.844136537194,0.499238853084,0.502957121954,0.28241759435,0.0883570506829,0.280868547463,0.441631916516,0.999210053329,0.354590504791,0.999210053329,0.443649425044,0.999210053329,0.999210053329,0.343894758474,0.501837419692,0.999210053329,0.495491690478,0.999210053329,0.999210053329,0.474538396195,0.49953073966,0.0588986395245,0.999210053329,0.49449076356,0.443795410103,0.435033983414,0.319107927054,0.368947690084,0.133510525499,0.999210053329,0.371471560691,0.49448612295,0.439511712575,0.160091225576,0.436679975076,0.525811634483,0.999210053329,0.999210053329,0.449735457875,0.0452076457931,0.496562078652,0.576968148251,0.999210053329,0.999210053329,0.999210053329,0.999210053329,0.514672884966,0.221584739057,0.46905810279,0.49064222939,0.166812351598,0.385439684591,0.191293969339,0.372368641453,0.825477556393,0.497282623049,0.51184421808,0.517265723124,0.508302083077,0.143630098797,0.0583356052127,0.520898129348,0.496029976756,0.119864545913,0.999210053329,0.488207672151,0.494848172277,0.274583807051,0.208367548335,0.999210053329,0.494920337523,0.509171741786
0.0804849028347,0.18437684639,0.0829294504469,0.0164731333766,0.0371268679518,0.12331493785,0.00974959965477,0.145852547652,0.0749183321462,0.183226447195,0.174231999134,0.221474835368,0.221206480462,0.221096487926,0.270205442656,0.273659479314,0.791808779744,0.23165021232,0.46058281476,0.0849777826735,0.190774207444,0.231788583091,0.180356198695,0.184841269428,0.185240464787,0.221917188627,0.203533086307,0.189604235281,0.350949315512,0.295856665977,0.0438175634053,0.804769301525,0.501503026877,0.311459292905,0.196858897479,0.50954533913,0.429585691389,0.495274645662,0.496760004897,0.422053213835,0.804850082144,0.496629466595,0.804850377102,0.553599955792,0.494665300711,0.80485220156,0.463427367907,0.804852362975,0.41048569718,0.23539331821,0.275586192047,0.0799814876109,0.168697284073,0.229193517115,0.227464399828,0.27237956591,0.280779720438,0.237961101317,0.174068251761,0.0800152348303,0.181426317885,0.179102081582,0.804852514773,0.483936701695,0.260036842824,0.346873549782,0.249635026027,0.300028507612,0.804852516524,0.804852516563,0.210471800962,0.605312130968,0.566908456126,0.486919690694,0.444804338572,0.523480334462,0.499888186084,0.0773799882104,0.171201819578,0.804852516577,0.804852516577,0.804852516577,0.804852516577,0.804852516577,0.804852516577,0.417828165787,0.50505560073,0.496327712836,0.358992364101,0.804852516577,0.500229283979,0.322659126673,0.409689069828,0.336971046062,0.477506726047,0.804852516577,0.804852516577,0.804852516577,0.514110134584,0.281365164715,0.158459843904,0.321507646696,0.225388566975,0.450366248248,0.272082928856,0.36847882704,0.275401028578,0.127362873859,0.227150658889,0.503898908991,0.505856426638,0.413143871443,0.390133464829,0.170054968679,0.169216745161,0.176456711574,0.139372831233,0.226841837155,0.410659377813,0.494528334425,0.471058128725,0.500626078459,0.50446659019,0.433236727834,0.494970977586,0.495304290811,0.424454449339,0.804852516577,0.751332134278,0.784735843829,0.515554038287,0.601931009498,0.804852516577,0.804852516577,0.804852516577,0.176184289421,0.336866373852,0.172109636679,0.120202585617,0.117845627889,0.804852516577,0.169071494894,0.175149013685,0.386223130671,0.458694398023,0.798819369714,0.804852516577,0.804852516577,0.450736418681,0.504989597951,0.214057866727,0.117980318085,0.122803320591,0.667074451499,0.804852516577,0.506800062568,0.50536440529,0.352732772104,0.43930549008,0.804852516577,0.804852516577,0.635526035931,0.804852516577,0.276215194747,0.472835678859,0.494602795004,0.426782606427,0.356223304846,0.348462578962,0.804852516577,0.804852516577,0.507153471763,0.804852516577,0.491358090721,0.493377277024,0.570877083397,0.547724862516,0.456993632706,0.502803244392,0.40765246789,0.494664804769,0.481310328153,0.588833561357,0.462189110228,0.0519682172701,0.173214569708,0.119755016058,0.736368728139,0.0756474490818,0.13997983992,0.221969507856,0.130679253399,0.16964868659,0.13034003901,0.0796755439868,0.123829775324,0.142227088318,0.648120283572,0.171896480828,0.176556912978
0.243024793978,0.0305640581289,0.11932972643,0.0759053766118,0.000788705844612,0.00375625434756,0.0085544827522,0.00870188152632,0.00573997049178,0.00341262299757,0.0101205935969,0.00266057191797,0.059008145635,0.0120948739412,0.0775878831783,0.0203231018099,0.0192023023088,0.0502593689367,0.0266545085051,0.0234704164221,0.0450063694896,0.0448671774183,0.00367891881041,0.00748649769114,0.000424298484664,0.0361820089247,0.49597180587,0.259172263415,0.120983456569,0.0197697923931,0.321212802858,0.49715729217,0.0635166221639,0.541172390498,0.320050458805,0.910134978293,0.499720150597,0.509092473171,0.477071897132,0.970940542876,0.970944655055,0.490870331722,0.480592187843,0.102154881302,0.970957688816,0.510913633501,0.970959742363,0.362128426104,0.117747551546,0.146179353314,0.792173488382,0.35798072386,0.0634679034805,0.97096137772,0.0409640361909,0.460357344604,0.9522476907,0.97096153379,0.143939079085,0.504831027408,0.970961552017,0.97096155661,0.278913746164,0.28735241641,0.477100288922,0.423226330947,0.108796468299,0.509540877492,0.478138139199,0.490849577385,0.970961561191,0.560767560345,0.265717392958,0.513646745185,0.450694585331,0.22726493634,0.0870286339456,0.970961561404,0.47770837843,0.502498313726,0.697530482257,0.320751476173,0.668953025092,0.818702790835,0.955699425905,0.477260414775,0.519118240532,0.490624098296,0.195576099309,0.462528677039,0.000359283883944,0.0756193601246,0.00893831843384,0.0602209554422,0.0344347872955,0.300673894497,0.464640805332,0.248411557486,0.0242929561724,0.49521620152,0.556675272215,0.970961561434,0.486765303655,0.432479273236,0.011412693545,0.415978209487,0.51624982663,0.370505271291,0.970961561434,0.504350567351,0.494436052989,0.533564771142,0.970961561434,0.970961561434,0.970961561434,0.970961561434,0.970961561434,0.9567584581,0.970961561434,0.493603814404,0.494106276279,0.207682894457,0.0506729764935,0.970961561434,0.970961561434,0.970961561434,0.970961561434,0.970961561434,0.970961561434,0.446919083536,0.970961561434,0.103943245271,0.300910676339,0.970961561434,0.500835933447,0.560474005706,0.970961561434,0.970961561434,0.970961561434,0.503655728978,0.970961561434,0.318846299167,0.345785140161,0.241429690135,0.970961561434,0.501601566225,0.697893638095,0.775474807773,0.494434220983,0.480290973587,0.0753772007022,0.173869431787,0.309652487046,0.500023681898,0.500023681898,0.494887573796,0.317664873089,0.471612871947,0.485950487741,0.970961561434,0.970961561434,0.501286674148,0.970961561434,0.477577547475,0.492270565746,0.482651069749,0.301259074538,0.970961561434,0.970961561434,0.970961561434,0.970961561434,0.970961561434,0.492463903315,0.0807934968225,0.325711276278,0.041540804765,0.487320550793,0.953732966908,0.500296154798,0.382580270242,0.0266280415967,0.0242084775374,0.645913250129,0.493764525413,0.213857909588,0.514150109643,0.481587543634,0.971062192712,0.459770218036,0.0417530811963,0.971072736709,0.971073021175,0.341918372184,0.00609313660155,0.135326054706,0.140599321536,0.429016656244,0.399166361147,0.971074416046,0.971074435544
0.0656159518593,0.0743965848768,0.021691255836,0.0119173227625,0.0118349806215,0.00420167276699,0.00192524403636,0.0159451874184,0.00743714286249,0.0182207214498,0.00590582889214,0.0219325191509,0.00312586545337,0.00902124375337,0.00255301547127,0.00192754299659,0.00735727458692,0.00238020022716,0.00498220214658,0.00152410303262,0.0159961980703,0.0174206792573,0.000393060709018,0.00222772548275,0.0061922533111,0.00154490532787,0.017498228713,0.00201259620211,0.0188050620441,0.0039079466613,0.000534389034648,0.012906981886,0.000246449000499,0.281936599998,0.125527451417,0.755784325275,0.512090473036,0.49311380957,0.990421762268,0.534694008702,0.47707035847,0.212484481345,0.508286885923,0.997544468584,0.322957355619,0.00417237595948,0.997954299715,0.417784871893,0.21244678018,0.0373470414888,0.36033007196,0.493342179167,0.482612081116,0.498509359592,0.0270179290158,0.998221696535,0.998224643181,0.998226715877,0.406674957527,0.508538732137,0.130234109175,0.0148157034006,0.175623106494,0.0260065047379,0.0271210030489,0.974562916061,0.447388073948,0.0822100209453,0.0755654019157,0.150770891758,0.151662518486,0.978872151701,0.496831024519,0.538667728171,0.0420699852341,0.243816961849,0.313485826016,0.517931882585,0.01465379915,0.0149402273487,0.0706651747901,0.00377209627203,0.00411971735638,0.999081623624,0.999083688384,0.307347774889,0.999090907655,0.999093260228,0.486392571136,0.174763314775,0.208626028195,0.420020602639,0.62971262393,0.154661107012,0.17035549589,0.813362266596,0.580482623613,0.543459939327,0.0966217515728,0.03350452702,0.448457210234,0.460252890543,0.999094655498,0.804284616782,0.822940372951,0.0203454204459,0.115368012761,0.999094656872,0.374192213454,0.999094656958,0.165524043955,0.999094657035,0.52509299568,0.999094657062,0.999094657074,0.0106732858293,0.492344895678,0.235695398687,0.493319767615,0.488098067034,0.999094657089,0.473121529803,0.0996828224326,0.338558254727,0.229724529805,0.00047260809001,0.282432488594,0.99909465709,0.99909465709,0.511010364723,0.002537487926,0.99909465709,0.534601939874,0.512965307844,0.499028414924,0.494396699242,0.460757583201,0.291961961651,0.497844651936,0.141009886673,0.165650626965,0.0488670732375,0.531933796876,0.188011614725,0.126470615435,0.46486710965,0.0867820285029,0.99909465709,0.99909465709,0.121315994819,0.99909465709,0.365466507631,0.291593353349,0.503000236187,0.337231652155,0.99909465709,0.500615894488,0.402053139537,0.489988093553,0.99909465709,0.99909465709,0.99909465709,0.99909465709,0.99909465709,0.510622449594,0.99909465709,0.446335452558,0.313287338044,0.129212773115,0.161484584581,0.99909465709,0.99909465709,0.99909465709,0.99909465709,0.99909465709,0.99909465709,0.99909465709,0.484472240845,0.496791758609,0.496791758609,0.507369818504,0.492216576496,0.483069916858,0.131662508483,0.0209223759449,0.733433418213,0.88506367308,0.998995549198,0.685806760953,0.999086102371,0.381381719691,0.300095325255,0.0104659058479,0.0475049440236,0.598274444397,0.185298294065,0.486876479957,0.0519265555861,0.495250000257,0.297499425516
0.0679165388581,0.109945068583,0.194943195714,0.0106075766168,0.0082475078624,0.0083887937,0.100788631176,0.0166833072639,0.018983280855,0.0192051949407,0.0555086626178,0.0194166281549,0.0462312996857,0.04688806761,0.0783040646191,0.0409144619505,0.0745438356912,0.0804958679533,0.0806966994459,0.0372337907025,0.0371139687254,0.115548229129,0.247414072869,0.14173663693,0.518328456654,0.901811409798,0.460369888765,0.387782041589,0.560242255649,0.904749159264,0.174138244287,0.90519187972,0.905233840425,0.905236241321,0.510771965816,0.512702937563,0.174437513683,0.905257059555,0.429950969768,0.55862082024,0.552837712662,0.37919002828,0.442023397974,0.501788238009,0.161447601141,0.11223808979,0.0780012973694,0.433658463525,0.405939823223,0.443375413233,0.430841351156,0.39343892878,0.621390598396,0.905263079751,0.507160286253,0.0023220517415,0.00189598366117,0.182616150611,0.0598017989531,0.497429371503,0.462298361731,0.905263084059,0.458525860258,0.439475875815,0.90526308421,0.506008463151,0.00920576328586,0.488796793197,0.90476186898,0.905263084234,0.194965231821,0.169902572992,0.120712308211,0.854182711949,0.643405365722,0.905272971592,0.189663727318,0.125606778237,0.118373145668,0.613413345646,0.498361301592,0.49945930003,0.411078561672,0.434352415341,0.905284904489,0.561327039776,0.805097450887,0.905285061616,0.44679221674,0.905285164049,0.497257003367,0.405301542996,0.365430306271,0.905285187966,0.521572901482,0.905285208467,0.905285209627,0.49505885968,0.4862576818,0.0882846331014,0.0835580825123,0.905285212775,0.383154222246,0.505655379786,0.00510365742667,0.236288574916,0.112309633744,0.07471777483,0.0741325519391,0.0537773970183,0.102823773383,0.30036141318,0.905076933211,0.485179986604,0.180041525574,0.895423204154,0.493538595369,0.507913094715,0.506564607904,0.494807162574,0.4298246112,0.539151466727,0.622848426192,0.157481574179,0.42593903349,0.905285213701,0.905285213701,0.499015862246,0.498429816635,0.496433107638,0.352901179725,0.503189322844,0.834561839832,0.467683362752,0.487492485351,0.440069637479,0.484530145771,0.322795583972,0.107589619015,0.0932745472573,0.0761052321431,0.905285213701,0.408636688245,0.442394276592,0.530209768996,0.0204871548096,0.501762036754,0.0390168678827,0.319175760099,0.370926230953,0.905285213701,0.905285213701,0.905285213701,0.465842573912,0.494516507478,0.0168112367145,0.44812048391,0.268905004629,0.406211239106,0.905285213701,0.905285213701,0.497307204558,0.905285213701,0.905285213701,0.498059104945,0.459823279482,0.394672740231,0.556481344259,0.403087457189,0.271389637541,0.432686129859,0.17813037682,0.905285213701,0.905285213701,0.460162099715,0.905285213701,0.120554891235,0.170122336569,0.246957771052,0.0219545791773,0.490537435518,0.905285213701,0.473871924483,0.503084772589,0.401106233691,0.543569440963,0.905285213701,0.803415531711,0.51648247202,0.286402971276,0.398531455335,0.163598358793,0.905285213701,0.155209035249,0.424988020943,0.479872674887,0.467487942091,0.905285213701,0.905285213701,0.905285213701
0.357590480268,0.0451268411353,0.12154265616,0.0681947742706,0.00276637961743,0.0476122949648,0.0211491874933,0.0145519687072,0.00729314505595,0.028670565807,0.0459404554134,0.0307366877278,0.0075533304177,0.0192583116226,0.0425572068186,0.00723836320197,0.0181035350961,0.0159265072875,0.0417575984369,0.451381405897,0.461990674534,0.596695594681,0.507978732358,0.424523658379,0.987739934915,0.510406607427,0.987815043574,0.987818398311,0.327318240528,0.507039135934,0.987838198266,0.499830861615,0.987838558925,0.0462691131017,0.264029232532,0.553407652373,0.0778805250062,0.498471546378,0.0421153167982,0.0534920763653,0.382543809792,0.346628498926,0.630161657864,0.441187082237,0.987838647564,0.365599663073,0.448626269147,0.120699552509,0.50560877809,0.987838647569,0.506529834381,0.505996734712,0.267374446533,0.513369418982,0.987838647569,0.987838647569,0.702699834962,0.987838647569,0.987838647569,0.103322567277,0.987838647569,0.987838647569,0.484032107739,0.460121226067,0.987838647569,0.471164161774,0.496607684566,0.384906378,0.987838647569,0.762799595224,0.987838647569,0.115831472006,0.615715909072,0.504570865942,0.0169375697733,0.383831834991,0.0746785645596,0.508550908797,0.493936379953,0.50005783954,0.260269472986,0.119845147317,0.0491291332966,0.0930554218478,0.116558354312,0.0870388311255,0.50494261172,0.0589806881425,0.120828941464,0.987838647569,0.169480729024,0.987838647569,0.987838647569,0.987838647569,0.987838647569,0.502125770294,0.987838647569,0.987838647569,0.504698315005,0.477492971482,0.568170236446,0.987838647569,0.40417201971,0.987838647569,0.987838647569,0.506192690648,0.987838647569,0.987838647569,0.221525794237,0.987838647569,0.94695952536,0.195759009028,0.476092124873,0.554404767944,0.50405361666,0.511510677052,0.363126752024,0.75522833467,0.442051343785,0.987838647569,0.987838647569,0.459332548285,0.446344931629,0.161536983974,0.441828141532,0.620634721043,0.275939762367,0.168566513651,0.987838647569,0.426381039594,0.504076083126,0.987838647569,0.0435171860118,0.987838647569,0.221794161366,0.057898750495,0.0809485630763,0.495283230555,0.261571647465,0.430646468644,0.163424911463,0.987838647569,0.514691232663,0.381738186292,0.52924774834,0.498003125475,0.987838647569,0.79223025875,0.357675030595,0.987838647569,0.447641660354,0.987838647569,0.492675057877,0.307129888128,0.18835601115,0.228204538864,0.749493344584,0.498054004235,0.511347503591,0.0447268587684,0.814554970741,0.0914030044791,0.659878310721,0.987838647569,0.472954026583,0.265544545378,0.17161585424,0.490752953533,0.875627865651,0.0757959219945,0.0191983685233,0.0346353890837,0.0346353890837,0.0202491286246,0.32185086541,0.0951367816853,0.00742323549935,0.00720366334201,0.011843408855,0.440343681222,0.73954952898,0.504204602169,0.500253720633,0.987800898939,0.177440325753,0.431546877706,0.137584765272,0.421686272778,0.0304425620084,0.0682140127339,0.446840865196,0.987838647569,0.776070728238,0.0817756343357,0.378459696112,0.987838647569,0.987838647569,0.446573139353,0.488876641914,0.492344480447
0.0093999381871,0.120715226572,0.0227809009547,0.0640507264137,0.0678196895535,0.00208825969422,0.00512919163401,3.38814174456e-05,0.000497740570352,0.0056725817458,0.0188045351166,0.00720181792156,0.0180532439288,0.0237479937318,0.022318588492,0.0194057731601,0.0233445954349,0.0192479372605,0.0192005587679,0.00819235852822,0.0160308107558,0.0116742125924,0.0195777129817,0.0193218027094,0.0104392526805,0.0423105075555,0.0208820341214,0.0992634355613,0.0591087552888,0.0423721531041,0.0220908795336,0.0213603380956,0.0886512057294,0.0432625552655,0.0444124065602,0.0102707769117,0.137108628125,0.047038064749,0.504444695218,0.33803392807,0.966219852444,0.120370571432,0.954020792493,0.964013366998,0.970911595496,0.494246894163,0.493544902407,0.245893255231,0.948123369771,0.170762607108,0.971160772712,0.544239333496,0.971170614356,0.237811850855,0.301036913936,0.971256622596,0.971256686449,0.971275365396,0.481336984421,0.362982001208,0.971287348887,0.494275228904,0.210373105603,0.97128888713,0.477017258513,0.971289027459,0.506918865967,0.36179956321,0.00847790646905,0.142300975431,0.0488503879938,0.155163631304,0.464283098289,0.551499144059,0.486283447314,0.214776587074,0.971289258071,0.483259473324,0.971289258149,0.231265494545,0.530971331767,0.108722361742,0.445632061689,0.0471544912933,0.29830125941,0.395654622443,0.22139455706,0.0468984754393,0.0972274156913,0.970361524787,0.390127065835,0.0531341774151,0.452284991752,0.0189145551034,0.408040139652,0.494308498149,0.0447856150085,0.139903194601,0.13028339554,0.502882512094,0.246717367901,0.488097343985,0.487903201705,0.504116704238,0.334867806312,0.467275673505,0.22689647996,0.48537496108,0.492229579769,0.450662795894,0.971295765617,0.503943550076,0.496639704841,0.456595086268,0.152289822176,0.502156530355,0.0614324393337,0.604813210077,0.727446041321,0.0331566134967,0.483886863971,0.484186095999,0.971310043079,0.343080950334,0.505012755012,0.495611822814,0.971310241078,0.971310287142,0.971310292345,0.971310322891,0.971310340174,0.261415649627,0.336509536035,0.067907773169,0.0449347498533,0.0107256173666,0.506199700481,0.39270034321,0.529041631974,0.242032612379,0.0813483510593,0.205764510069,0.694934794038,0.507001682558,0.971310400323,0.57944230251,0.507190665441,0.971310400428,0.401576295449,0.196300855708,0.0822249349642,0.530039564308,0.50309788244,0.169356438341,0.497730624001,0.383980337377,0.026738068542,0.0244800105527,0.392138775114,0.971310400475,0.494893934725,0.0780914875055,0.902763210386,0.050088930511,0.971310400476,0.424833651163,0.484184525255,0.971310400476,0.971310400476,0.507767957201,0.424550714762,0.441392947264,0.187481638478,0.245378770014,0.37910150221,0.491672557206,0.490330899534,0.29293771168,0.503585607372,0.971310400476,0.357592854356,0.383474975473,0.382706253459,0.669287657899,0.676472647167,0.971310400476,0.510959467249,0.0601355603087,0.971310400476,0.479457579997,0.443161409542,0.492214306428,0.76509789712,0.971310400476,0.475045512074,0.504104955716,0.47294942665,0.24920153258,0.146412820011,0.0878772075946
0.0755508964674,0.107996423782,0.00328077026309,0.00769721813126,0.0519547007541,0.0448762375215,0.0148379480984,0.0234713514897,0.0156746440646,0.0197680124479,0.0217301311499,0.0168337518448,0.0136021829575,0.0313814173042,0.00760886069263,0.0081529587304,0.0356016197232,0.0178010696155,0.0192193390116,0.02078044509,0.00938609649378,0.00298549124069,0.00725894623554,0.00916155678654,0.00626598361604,0.0226291359838,0.442280763845,0.00818443195243,0.513711093018,0.124578947157,0.087313238903,0.485352431774,0.115501337262,0.982688603611,0.40570997678,0.49058248566,0.111753854573,0.0696435573813,0.669423127672,0.509356728018,0.198973973328,0.00849833943653,0.492645277584,0.113110622194,0.929512084252,0.984121763556,0.984194841186,0.497440327461,0.593822117995,0.297333134502,0.109796686434,0.315848602753,0.495453264877,0.117853365059,0.875173074223,0.506849926905,0.0218326926443,0.041409182058,0.860347009952,0.984521565752,0.984523029503,0.499322800091,0.394063492259,0.801837685779,0.169585712798,0.984524388805,0.98452444035,0.984524443645,0.0193466941944,0.0195650608027,0.499795622759,0.211603329873,0.563556848936,0.941278577485,0.735299261247,0.422527325274,0.984535971704,0.272076394685,0.501680013757,0.490017080636,0.460815436266,0.984560327223,0.984560622887,0.544780327993,0.487582674994,0.0589708694728,0.494508124941,0.0361094799743,0.468402188639,0.00832108697391,0.504753654418,0.48383935921,0.496993125553,0.0900673521286,0.984566190269,0.293186041807,0.801578031775,0.984566194582,0.984566194597,0.585984951482,0.486421040112,0.50481185336,0.295634998563,0.382489884219,0.662556559368,0.0855407566891,0.434842313952,0.270796214836,0.98456619505,0.263292414404,0.458456753694,0.497799307887,0.174508655322,0.000489622685056,0.128787942187,0.146712100283,0.0149962198169,0.061581596344,0.63627771574,0.733295996648,0.588000294223,0.711046884407,0.0509266833576,0.000614740968888,0.0369970838382,0.0115405522466,0.142326948446,0.452892720248,0.443972255152,0.168177779321,0.511892365808,0.872530050792,0.491353878466,0.986658162939,0.211516664133,0.477173973774,0.987190553927,0.987292889623,0.987627613189,0.110244554302,0.506133462681,0.564840026893,0.987757125216,0.987759798825,0.473511744169,0.468159723322,0.987769429479,0.0754839796452,0.4601913352,0.987770912923,0.501910978133,0.987771212027,0.987771318921,0.987771371054,0.38210992919,0.360075751055,0.427002164746,0.987771469232,0.0650419028865,0.987771488502,0.545544052735,0.987771498699,0.987771499191,0.987771500566,0.987771500875,0.416067237837,0.941435248851,0.791156771793,0.537835685194,0.696200295259,0.426111997021,0.132702905985,0.446021267149,0.480705461524,1.89783171635e-05,0.957086199231,0.44219505292,0.266212779168,0.0476446086252,0.058266949534,0.236422836614,0.492415759741,0.472363120973,0.59762713436,0.987784970386,0.987794722981,0.987804795005,0.475949969688,0.0463591705253,0.987813145913,0.594526202638,0.0998899995336,0.0318331284893,0.987820289448,0.987820561686,0.98782095055,0.509052896271,0.270996677643,0.987821149565,0.69547990275
0.223235938585,0.00397204364054,0.0337124402311,0.0229456524201,0.106429819321,0.125755878268,0.0804134156206,0.131730682862,0.156604035847,0.151571482173,0.174199748136,0.170396198488,0.084734159859,0.168619360284,0.16848826569,0.171560026771,0.168616206909,0.181391014107,0.541445917627,0.624995939226,0.842871567013,0.849131273118,0.855570888808,0.606522747488,0.239192587506,0.857418095535,0.180320462549,0.124594819091,0.515382405131,0.0569189490823,0.370086697568,0.346246669149,0.180790372051,0.411384650706,0.520986736925,0.510593553322,0.423746975181,0.450700991343,0.461902851482,0.189405742596,0.463980428251,0.483342884262,0.49201427379,0.482504968849,0.631587946045,0.500045720312,0.237120494119,0.195851677188,0.241481850405,0.206348593008,0.354991851964,0.857493270778,0.857493271065,0.412011698564,0.857493271105,0.857493271105,0.857493271105,0.451030432432,0.312648080082,0.481439474797,0.857493271105,0.857493271105,0.321285727166,0.428293709443,0.475317928383,0.377603837442,0.480837578795,0.33387371117,0.0327640342084,0.504988106152,0.31546705178,0.466737685149,0.0562742647637,0.857493271105,0.857493271105,0.857493271105,0.43305516208,0.455442401744,0.0838039008158,0.857493271105,0.506284602051,0.134085148435,0.477850389706,0.475850016972,0.631259381,0.295033341438,0.481065920939,0.427158115066,0.418167542807,0.221271480862,0.184854848282,0.857493271105,0.401350829657,0.177084310772,0.226965801246,0.461802425778,0.857493271105,0.486575719313,0.857493271105,0.608226287092,0.00724737730464,0.0489588787854,0.0414110255833,0.416068218935,0.155203856787,0.118664910861,0.191055275565,0.494444988266,0.432040361838,0.854297505913,0.425133661564,0.489896199358,0.853390500852,0.30814137168,0.478322902214,0.409134587021,0.517762349232,0.500978093155,0.445350950232,0.304295877392,0.857493271105,0.857493271105,0.582793861614,0.857493271105,0.857493271105,0.857493271105,0.498243106095,0.00160176870258,0.0468132571246,0.354217680056,0.43467799956,0.304610438137,0.491181584879,0.48948092615,0.857493271105,0.857493271105,0.586271310056,0.439858891427,0.265129265387,0.238138473023,0.130891307716,0.0548855087769,0.857493271105,0.309988959395,0.857493271105,0.478112305669,0.0788046997204,0.134501584418,0.00232745553293,0.109806757598,0.128977107041,0.11774271844,0.129731948614,0.204405330669,0.483529789072,0.857493271105,0.501714678889,0.767135081439,0.451892571361,0.254223933315,0.857493271105,0.419063069422,0.857493271105,0.281254663976,0.487957798396,0.651783773441,0.221247328133,0.48585042863,0.513871981859,0.505799061634,0.410281470925,0.855797237687,0.51244685558,0.521719593303,0.857493271105,0.857493271105,0.454315965796,0.498344045648,0.803866969184,0.424463251062,0.0106073500647,0.248268102141,0.302963776578,0.586484351612,0.227227024075,0.370105534748,0.742380577795,0.532992151497,0.122240307133,0.0745968708616,0.0940264234322,0.031882017899,0.0982238874013,0.124578603721,0.188547623802,0.525589015085,0.85333655234,0.83799412245,0.0896335292116,0.0760163376281
0.171899577255,0.144727984562,0.039668223564,0.0573576591738,0.116628215852,0.0345041497959,0.0450827864079,0.00733330115316,0.0119968955335,0.00722645394138,0.056781986655,0.0740228232508,0.0255925870882,0.0750330797308,0.0819154945395,0.0740183768769,0.0428848486544,0.0740396301702,0.0787908860991,0.0408913878115,0.0132129079541,0.048042335557,0.00744500382326,0.0150532178767,0.00739334360291,0.00724645979183,0.0191977006905,0.0228183336998,0.0283857362169,0.0235717294163,0.019867211927,0.12809460978,0.407545652264,0.287979991745,0.471612986505,0.0413959432583,0.42358172271,0.387303426748,0.29314993334,0.187612846558,0.177839216001,0.441204820356,0.968708321446,0.968869321699,0.968981054765,0.384903478535,0.969494652913,0.423155856743,0.327881496284,0.565586687538,0.286987213207,0.480267829556,0.970215562172,0.425681241434,0.0659314618438,0.441158229945,0.0103132407991,0.97026553241,0.516231128248,0.234110111328,0.399446467459,0.491938629413,0.970270059301,0.49899923502,0.97027079235,0.970270961641,0.970270989469,0.970271104426,0.493083258221,0.970271148323,0.499250458284,0.51676621857,0.970271179214,0.452901354576,0.970271182987,0.37039895605,0.49037197064,0.629227431873,0.191556416894,0.498614565763,0.489393942192,0.358029135538,0.970271185067,0.970271185074,0.970271185082,0.970271185083,0.425136626732,0.0711225167769,0.388030604585,0.503584518107,0.854766738849,0.517640517568,0.274041012074,0.502544726248,0.0113009108738,0.00290568249276,0.172842395751,0.970271185089,0.970271185089,0.825053968865,0.893962448304,0.403953283592,0.344680894083,0.0415063249748,0.512784319775,0.970271185089,0.970271185089,0.970271185089,0.487849459101,0.970271185089,0.970271185089,0.562789323712,0.504654212095,0.237501204412,0.161540521925,0.00806985860134,0.0133854727903,0.0878462301812,0.970271185089,0.501532221702,0.24369724821,0.970271185089,0.970271185089,0.480889654994,0.135014260496,0.0929651472001,0.0560706745755,0.493411597927,0.418661377983,0.579355596972,0.0965091685271,0.401605455813,0.0424222535068,0.174399321894,0.160273992562,0.117850348347,0.104810328452,0.168065148083,0.532005686419,0.426279329249,0.108165440335,0.367682933381,0.970271185089,0.102167580949,0.244300039798,0.399192348449,0.013814304219,0.524501526767,0.970271185089,0.970271185089,0.505015655766,0.328028777952,0.136355748966,0.0753227848327,0.357613518416,0.271335642246,0.179281778213,0.502584500146,0.387227457624,0.970271185089,0.970271755849,0.970388705026,0.514259241315,0.970621592403,0.52075354197,0.567518827558,0.0796796576665,0.0753299236167,0.970771453073,0.97077473935,0.970775976732,0.970782608091,0.478785056125,0.970785060156,0.970788626151,0.97078934964,0.489067753,0.203169460356,0.970790875522,0.52868967942,0.125333848886,0.247356063319,0.0905722168005,0.351961032836,0.970792972675,0.488579175945,0.970793015999,0.519384135513,0.970793027724,0.970793034558,0.436512935197,0.462892105274,0.970793041034,0.674507805341,0.237939731325,0.221260174042,0.408553281909,0.97079304434,0.6760614881,0.223358035774
0.221147999084,0.0411686861166,0.025264395877,0.0762472447719,0.00869276421539,0.0139690939116,0.0113904307363,0.0192471070249,0.00839634669638,0.00204831036282,0.0193732969219,0.00856943090746,0.00756661250776,0.00305608914213,0.00480140427712,0.00189763349563,0.0107780052151,0.00434186661453,0.000249236632815,0.00217252815494,0.00258377938673,0.0183701166274,0.00119187192748,0.00237078352753,0.00741969280697,0.00307176024141,0.00193316899809,0.0021776815907,0.00216667414825,0.0301678028128,0.0218071485082,0.0994886569889,0.426546346923,0.94314437511,0.477072870502,0.434303835841,0.443361956112,0.537922698355,0.589025330409,0.99579363857,0.495409619449,0.498208537345,0.394456853995,0.996019139,0.996024505189,0.503483923214,0.0960196766372,0.00589205723174,0.258522606588,0.410542944141,0.559848157798,0.491281955862,0.459133598232,0.596776350761,0.352279091378,0.489858868078,0.314154268492,0.551303792716,0.651116225366,0.513959317045,0.501527401266,0.660390319606,0.996041824256,0.505595326912,0.187168278222,0.00252753613555,0.402528556071,0.0818979137442,0.473244628406,0.502084218078,0.996041834114,0.996041834206,0.464105994828,0.0528609232462,0.265875851704,0.00190111466986,0.408653590035,0.996041834544,0.488638144408,0.996041834554,0.996041834566,0.494550662532,0.170242056227,0.082989190263,0.996041834578,0.000270542762382,0.483779072673,0.470054932738,0.00025306634988,0.453055337907,0.0197322115851,0.134654202515,0.115641912875,0.133673808151,0.87008189629,0.99604183458,0.4898287664,0.186280979944,0.236524055193,0.0407900371979,0.633561957642,0.0603512132947,0.493460191843,0.99604183458,0.99604183458,0.99604183458,0.482966103883,0.172384425209,0.468049408904,0.347065399442,0.410620005923,0.0782403895948,0.0877526451655,0.683689739026,0.99604183458,0.52749230529,0.534996199238,0.222561503352,0.99604183458,0.723196800575,0.0544649074349,0.187254061508,0.485693246619,0.51304808814,0.99604183458,0.55322094001,0.99604183458,0.99604183458,0.233328669858,0.99604183458,0.0819997936992,0.0570868408429,0.189923578622,0.332607523032,0.490744762294,0.489558554375,0.47572512658,0.433471829018,0.492562419911,0.593307480991,0.58392012774,0.0956678728201,0.323124042363,0.99604183458,0.50707929004,0.0705795606537,0.457937791075,0.99604183458,0.99604183458,0.485298851477,0.381035941784,0.0107588842997,0.208387594454,0.026125563599,0.117756565251,0.0100415869882,0.523109862854,0.99604183458,0.554172199888,0.99604183458,0.482326091735,0.570703581836,0.270659024673,0.502483806225,0.99604183458,0.510955704288,0.435585881849,0.494141111406,0.420132846144,0.019924525974,0.428986066033,0.0505364358422,0.0497135854971,0.6028689433,0.237516737653,0.373559459629,0.0525518268113,0.0173839834936,0.493269326412,0.228207636248,0.99604183458,0.59498424902,0.167834542632,0.468986869205,0.456950476822,0.000251287194172,0.00192503136539,0.99604183458,0.501288554182,0.0179610001033,0.0645304760353,0.483774561073,0.384107563402,0.49386285643,0.495669960745,0.372165078071,0.0626663613943,0.13238338863,0.480703082159,0.494368020227
0.31546588974,0.121633850012,0.0405580769184,0.217791023034,0.0191977008553,0.0793129171704,0.00720230259211,0.0226047622518,0.00287118766523,0.000943110049024,0.00593414910857,0.00254007432778,0.000363477968283,0.0110501011282,0.00781599644071,0.0162057350141,0.0138170174703,0.0207150235157,0.000254270106685,0.066436845825,0.0217474204143,0.0408598339607,0.0479457476924,0.493699892273,0.490501819211,0.493325386001,0.995069828093,0.234408672902,0.509076627216,0.996078644993,0.0369376465211,0.0479353111945,0.376247006797,0.118113116995,0.485301799709,0.498301899405,0.506201333642,0.0412508675299,0.458721935251,0.0830772427645,0.265464336365,0.161596057404,0.505445367977,0.463543947146,0.363779765181,0.0253076213776,0.108413087256,0.524880495237,0.439154032352,0.4129359022,0.49646915952,0.61575601145,0.38813401891,0.553443118974,0.996086499607,0.501470743138,0.507154787298,0.996086499607,0.503905929895,0.996086499607,0.996086499607,0.258242396527,0.424685242962,0.43899283673,0.124150154226,0.0847577211928,0.503560653377,0.416102160712,0.0337534342228,0.996086499607,0.996086499607,0.996086499607,0.763985558608,0.274175037042,0.351167872246,0.677782850664,0.50700165012,0.492829371287,0.222438355003,0.221979387291,0.0583512690234,0.459408583364,0.0814443050541,0.396367595951,0.0492750042859,0.0215449331858,0.0514486327413,0.0086103503308,0.131724243532,0.996086499607,0.996086499607,0.494214849878,0.492728563871,0.39359399886,0.115942037242,0.186707372787,0.00809946350678,0.00362498014718,0.356453768829,0.494586424001,0.50683026824,0.429644366892,0.341247954505,0.558264614712,0.996086499607,0.492195012915,0.257298835926,0.996086499607,0.486272791372,0.225997815349,0.996086499607,0.495609124307,0.500526638184,0.516091719777,0.21737546155,0.040980038012,0.374599335161,0.126905191232,0.996086499607,0.996086499607,0.996086499607,0.501488917013,0.996086499607,0.511554579527,0.120331901061,0.117384585376,0.996086499607,0.38293529708,0.443390094427,0.479758128692,0.235123335405,0.0478997755396,0.0284641323943,0.0423626749176,0.0019540670247,0.996086499607,0.505498061361,0.996086499607,0.507300522408,0.469771655022,0.996086499607,0.996086499607,0.996086499607,0.49435704018,0.996086499607,0.996086499607,0.37630167583,0.996086499607,0.476930759371,0.500155229852,0.493695613648,0.498888749267,0.507153784556,0.50714165649,0.0393437809865,0.0418677952761,0.54007016563,0.950718061252,0.502148314303,0.724187470353,0.996086499607,0.306200226143,0.996086499607,0.484265756455,0.157763656622,0.134884895834,0.680431499851,0.0490941589864,0.0951819637481,0.996086499607,0.504353465602,0.202706132753,0.51096326662,0.996086499607,0.440820493637,0.108753982365,0.496635566182,0.996086499607,0.341365105522,0.160606077792,0.0237496656789,0.534957711412,0.123188371783,0.346027683981,0.422133566551,0.410086132074,0.996086499607,0.996086499607,0.468732087303,0.279557424213,0.783112385675,0.0639307203373,0.559306068545,0.523149934747,0.301098776048,0.996086499607,0.359472740481,0.218571477424,0.00456748896757,0.431980087043
0.352557489282,0.0526219505427,0.0946525198558,0.0315489247153,0.0634835107628,0.0718837143063,0.0075756468058,0.00354764669133,0.0136022627894,0.012594251369,0.0211647401186,0.0196194027683,0.0227743035943,0.00499530322605,0.00732138977178,0.0300790293392,0.0133717362265,0.043055224462,0.0248816233682,0.0209779857319,0.0299198006481,0.0268769454382,0.0342730493318,0.0309953973506,0.019640119179,0.0204334975292,0.0591578029824,0.508942053642,0.948221241186,0.494141353124,0.375615159044,0.091723472327,0.971024072495,0.486613074632,0.424629171879,0.506712317117,0.512364741837,0.0934067930519,0.543902523577,0.315810614897,0.450648036429,0.51088131894,0.0389574582625,0.524571663063,0.481470210442,0.519109617535,0.0375511921927,0.971319109422,0.971319109492,0.490917918684,0.516119851329,0.206747204659,0.712600637175,0.526744985209,0.231923861288,0.359854837278,0.493575286817,0.0853889580015,0.971319109626,0.626627138166,0.971319109627,0.442510122623,0.411272158663,0.500139719137,0.971319109627,0.512773783371,0.338650074904,0.0635936502563,0.0127799890315,0.0674806448372,0.152557439966,0.971319109627,0.971319109627,0.971319109627,0.971319109627,0.65258489615,0.355036829736,0.498708608323,0.346606488812,0.181078167754,0.490056066199,0.184945300095,0.405961524018,0.657490679407,0.971319109627,0.143114414661,0.794997836119,0.971319109627,0.485141887426,0.443786750983,0.583033747945,0.456418687102,0.505914218454,0.0120533393191,0.117237151703,0.480401676738,0.362079049618,0.320483637922,0.472884302466,0.475153485435,0.487621972936,0.418119224856,0.497839538018,0.859360003735,0.971319109627,0.971319109627,0.971319109627,0.971319109627,0.971319109627,0.470751269399,0.322765663673,0.971319109627,0.549828614547,0.971319109627,0.971319109627,0.971319109627,0.495844724695,0.129615753687,0.504844118382,0.0115359763116,0.0653367696139,0.971319109627,0.971319109627,0.51605127518,0.505810889549,0.169414548457,0.0464527690911,0.761406101991,0.601750779042,0.12764629139,0.971319109627,0.510468710851,0.971319109627,0.971319109627,0.971319109627,0.168835700304,0.06857730363,0.52044019593,0.408126787029,0.516236845083,0.49395584298,0.214589665639,0.670293906266,0.684564868443,0.519116287744,0.519116287744,0.173234978648,0.50015189925,0.835102499775,0.971319109627,0.904755806443,0.971319109627,0.489572505613,0.407470562419,0.500740691014,0.419709535126,0.0453270309525,0.662962047093,0.406376396633,0.31751437562,0.603010177906,0.887238794742,0.435084725135,0.49400470523,0.506285047294,0.971319109627,0.499719760509,0.971319109627,0.313977641249,0.16233433263,0.0651154260862,0.220863614456,0.448786260097,0.26955957898,0.120406698819,0.971319109627,0.515744340016,0.971319109627,0.971319109627,0.133494429006,0.0746650780602,0.494395655233,0.444088361601,0.705180823822,0.579232850472,0.971319109627,0.971319109627,0.971319109627,0.971319109627,0.971319109627,0.971319109627,0.971319109627,0.034318560979,0.00204045171618,0.534978720241,0.0200450726826,0.0192756151291,0.0202451961888,0.34359956682,0.175119730457
0.27145900568,0.127971027478,0.00847075546581,0.0256772061843,0.0202892863283,0.00852380382145,0.0023314598866,0.00210861922049,0.000468604103106,0.00151380560552,0.00190144983607,0.000293898042688,0.00720565974766,0.0196488808156,0.463679133431,0.505170323587,0.957563488314,0.479209266375,0.994651703799,0.413469842858,0.484037495573,0.998298741973,0.479133090989,0.168622244768,0.516681495633,0.396917243237,0.504173492063,0.504760204966,0.423691671599,0.0838019122071,0.228542035906,0.757767800798,0.595345580134,0.999215026542,0.0550031752187,0.749093024612,0.56788587115,0.999216008353,0.388599182744,0.999216171906,0.49396315228,0.999216201943,0.378294592699,0.089470601862,0.999216212789,0.060721957404,0.999216219533,0.999216221531,0.999216224423,0.253371172025,0.8346704958,0.236247918504,0.218209378186,0.999216227465,0.501750379318,0.234856206303,0.520035702439,0.504371838281,0.999216227629,0.182656208236,0.391380712132,0.99921622764,0.492460757933,0.00773841291696,0.00671706782327,0.520821543923,0.62175230033,0.179380558674,0.519003368161,0.172059782505,0.416232498156,0.439522122049,0.692772875295,0.99921622765,0.501123205838,0.99921622765,0.508883706887,0.505707795137,0.99921622765,0.270873157108,0.511186688488,0.0910287814279,0.150817856169,0.506648351363,0.168572889337,0.169116865967,0.0549259737826,0.0149463196204,0.131092242922,0.00851172557009,0.517977671576,0.99921622765,0.498990730652,0.508762502337,0.509471533649,0.567435856468,0.0137361036103,0.076569365701,0.473012020691,0.483942599672,0.308964894269,0.171442229572,0.229510974288,0.47016149161,0.0364170649441,0.238125983409,0.010194307986,0.803333400677,0.0588827566854,0.452160270185,0.632059832872,0.501587492365,0.00868972636086,0.517733370308,0.494645252921,0.493157146042,0.352955615342,0.248806086121,0.99921622765,0.491115680879,0.99921622765,0.517699427868,0.501600294525,0.99921622765,0.631484047421,0.187468117923,0.206614479861,0.563103369345,0.467198949228,0.99921622765,0.99921622765,0.503012042447,0.634831990588,0.340543648215,0.99921622765,0.496531364692,0.467818815002,0.99921622765,0.99921622765,0.457105839675,0.99921622765,0.99921622765,0.664141015166,0.528796948881,0.20584812546,0.31511961159,0.860484376509,0.99921622765,0.588868819652,0.258948455868,0.494077456744,0.500394592912,0.422466114182,0.472461242117,0.50549762587,0.99921622765,0.99921622765,0.976467119763,0.137655583092,0.49963783633,0.3172451567,0.826426514511,0.976922715516,0.379685337767,0.99921622765,0.178601739447,0.488856814811,0.51027958696,0.484720378242,0.478587100238,0.85570044829,0.0631328571394,0.358853866329,0.0195700502577,0.517501209437,0.49889236743,0.99921622765,0.966225617579,0.558290896585,0.426962334313,0.321687665686,0.544192429024,0.123797225622,0.0540159565691,0.205069514825,0.997430234739,0.484260166928,0.450646950574,0.502736142232,0.190894870342,0.0785265074328,0.00597788323413,0.168619016426,0.439365208412,0.0924697259743,0.283471559929,0.688541985085,0.99921622765,0.99921622765,0.503148381274
0.0693914524358,0.168968069996,0.0298327625845,0.118779755145,0.00765923897578,0.0679973394978,0.0114991769244,0.0218283995405,0.0194690443089,0.0751575014106,0.0211584010831,0.0254310607847,0.0301797517182,0.0259094720662,0.0183978307298,0.0409047429278,0.0428394415471,0.0163098510955,0.00523322754642,0.0207185739273,0.011139770238,0.0139062137837,0.019235345658,0.0196198298029,0.0198127804708,0.0654259498975,0.481622170378,0.547112780235,0.914148685353,0.979015651479,0.981217158531,0.496367806208,0.518317781072,0.21296560615,0.375573613865,0.0263117413997,0.142351254039,0.503533568132,0.905418490288,0.984969905081,0.985279590547,0.49248154963,0.492514969273,0.169060185695,0.987296517965,0.0843065644757,0.987297228322,0.472709380963,0.0774178022254,0.555148050087,0.487687823613,0.0223063031894,0.0211344806159,0.123759138229,0.180708144213,0.185684138223,0.49492706562,0.352523010335,0.436493146844,0.955039648014,0.508947583774,0.9872978876,0.417899296198,0.424745849196,0.478335781319,0.181350764403,0.0265185081879,0.0369810098797,0.40056109261,0.238957150367,0.50417760797,0.500050613915,0.22343292438,0.218798789936,0.348145940871,0.10853212473,0.476785346592,0.502940816247,0.779231366574,0.987297888825,0.987297888825,0.350958159277,0.987297888825,0.510408886465,0.467768838646,0.0633509922566,0.336706110133,0.301916358738,0.445235469014,0.987297888825,0.987297888825,0.484985489656,0.514208393904,0.987297888825,0.987297888825,0.987297888825,0.486298298439,0.501254100779,0.380375880112,0.0281405875148,0.141693388308,0.24277710991,0.78368290256,0.490181740083,0.507091896096,0.397353588953,0.290521349452,0.14397880327,0.265760214156,0.561531560473,0.491625523401,0.505425539686,0.495244128814,0.496244922262,0.36418119222,0.291562645906,0.168357026707,0.0884553928418,0.388849366944,0.423299206026,0.0744413782453,0.0750606035658,0.506118940666,0.369462777751,0.386062077347,0.296986240865,0.0590956685471,0.426263552932,0.987297888825,0.509227279523,0.987297888825,0.506257576285,0.462760918132,0.987297888825,0.0115130193099,0.490845771602,0.496945713922,0.579847991388,0.487230439952,0.412588418275,0.50719394556,0.506363397041,0.317792787736,0.0626767723463,0.0879920095797,0.486186751972,0.987297888825,0.805079661442,0.457943856401,0.207419801308,0.391831488433,0.493233420522,0.510498820875,0.339959550034,0.428487697446,0.365644477243,0.233927405567,0.987297888825,0.50213868146,0.385964096948,0.481924301395,0.179521586539,0.049175826141,0.0314114851568,0.0238937237833,0.0326301238865,0.268073569385,0.0579703393895,0.275261516512,0.469415162209,0.513413015255,0.353629582096,0.174952397035,0.0237120340459,0.98744196157,0.362215673715,0.987451048197,0.987452585841,0.497979551898,0.00174587352477,0.987454615496,0.987454738197,0.4854398226,0.386364488923,0.316261039641,0.513430497358,0.459291528163,0.449711150336,0.664617087543,0.449510247793,0.987454979692,0.987454981612,0.119395675098,0.504964354174,0.468073962671,0.349203921457,0.582048541344,0.0446289426542,0.526843110463,0.987454983597
0.0597557445742,0.0480812986019,0.074452149768,0.0368772110149,0.0375166727969,0.0196275117773,0.00974266152633,0.0515780592186,0.0740183637191,0.0386414708925,0.0667971270581,0.0463552172038,0.115280145871,0.0338454147803,0.0308663680183,0.0198910326683,0.0422133616047,0.000758411454214,0.0108425819473,0.0374101255587,0.00645482901668,0.0180463204739,0.0075071440806,0.0105073541996,0.0194652188868,0.0165011562126,0.019274186856,0.0295951347564,0.0447465838937,0.0506724344699,0.0477012936685,0.0447318415084,0.0543133831927,0.0599768045126,0.0244932528554,0.0412614896198,0.0397634547898,0.0409001632822,0.0412362174658,0.040909520332,0.0546987578641,0.0802396834997,0.614701084804,0.497210793316,0.295878471473,0.0812116238651,0.493843605017,0.392730954313,0.269740822237,0.0740219229582,0.396288915396,0.0467930286066,0.241158386034,0.283252629795,0.283821557915,0.50167626007,0.943981485011,0.50947239864,0.486324921201,0.943985617286,0.498733030919,0.36854208816,0.55112442949,0.223707378446,0.106018851676,0.0626923286585,0.545730355613,0.343891860215,0.0562171872274,0.0223079142633,0.0940732919993,0.271847972343,0.232811715345,0.0642813457537,0.0200063116447,0.0561509834693,0.0410108788102,0.0172692425023,0.0565536092887,0.0448050075808,0.041073138121,0.045034355589,0.0411703213199,0.0471789261501,0.0672456589832,0.088717138167,0.13228300134,0.0408999950597,0.0959356981119,0.0740912864004,0.0742580450026,0.0768397909814,0.0760731291601,0.0753418074083,0.105006198714,0.118216995422,0.168654681488,0.156373079114,0.193210925657,0.872432235264,0.879672813865,0.528843412477,0.510504719805,0.0902026375058,0.0832334038229,0.18164549389,0.495718353793,0.869387107658,0.517732147406,0.366665564579,0.175777084111,0.352646039946,0.837896768924,0.512831038607,0.0831471466322,0.0416502895031,0.489909661882,0.315498242941,0.276735137559,0.125443189633,0.250183662021,0.528030823033,0.166572723031,0.905286204096,0.432206606899,0.369467060828,0.495935426439,0.472084256243,0.188691889439,0.118333948977,0.905286204129,0.178371289901,0.90528620413,0.90528620413,0.90528620413,0.321101884592,0.90528620413,0.0618547647008,0.49912257678,0.24083252803,0.42258695961,0.90528620413,0.502632716308,0.199237267183,0.90528620413,0.90528620413,0.90528620413,0.90528620413,0.489946910585,0.491230037539,0.700670824743,0.90528620413,0.90528620413,0.408825464519,0.373592580105,0.138732925317,0.115116790941,0.90528620413,0.90528620413,0.298047400731,0.508236364725,0.448559455938,0.0942908246363,0.485366601773,0.205264161774,0.433827208157,0.0621369430253,0.224741926573,0.0862092694469,0.158724316684,0.0412553643947,0.0741169287721,0.898239654368,0.90528620413,0.90528620413,0.90528620413,0.548911744579,0.90528620413,0.90528620413,0.90528620413,0.491213189476,0.90528620413,0.90528620413,0.90528620413,0.20349014232,0.501902940364,0.440605999178,0.545044151954,0.397324576041,0.0879346996773,0.488525950178,0.385774878525,0.0762794213454,0.0783595704069,0.90528620413,0.385667193899,0.209715716016,0.520690308211,0.249332161534,0.114806113565
0.314987510753,0.181834119085,0.105723309898,0.051912735491,0.0237923537086,0.0238296222178,0.0087594903021,0.014890768072,0.0188083481397,0.00523909401227,0.00457142459605,0.0429963229007,0.0515853216347,0.02303667888,0.0327628970429,0.0279515311771,0.0640751135924,0.00631420903391,0.00720313561671,0.0149684961198,0.0265576207254,0.0107324829055,0.0193987105234,0.0856178346952,0.145180069557,0.00981220051204,0.204424630987,0.454450741262,0.684113816057,0.51391393583,0.441593085167,0.4165770566,0.505876403163,0.509186363741,0.987837745897,0.987837957605,0.00743393027928,0.50817590849,0.073307576865,0.727979042441,0.132256404299,0.489812223054,0.563657639214,0.503421935399,0.52715508164,0.514043418844,0.620301538388,0.0585549374224,0.987838591771,0.987838591993,0.987838592333,0.501105204495,0.76162303762,0.741052209302,0.987838593012,0.98783859302,0.401526747051,0.108363579853,0.504302828692,0.987838593034,0.987838593036,0.987838593038,0.444185887032,0.0199001327949,0.342393069803,0.522862555696,0.98783859304,0.464163750755,0.449875028514,0.517479294385,0.98783859304,0.98783859304,0.98783859304,0.505427693505,0.98783859304,0.98783859304,0.98783859304,0.98783859304,0.949989069414,0.492340539237,0.504360551593,0.49887107933,0.0856170978339,0.130637848747,0.833664499684,0.0208135110202,0.0707982432331,0.0481836583571,0.496900873582,0.084738552441,0.00952622575706,0.222078864517,0.373648261286,0.584299283663,0.98783859304,0.493331648148,0.507464640367,0.172363053038,0.46213429223,0.661063691209,0.00839173636825,0.262774649791,0.493463216875,0.00501781415558,0.0244302550602,0.0111274198476,0.0495841965924,0.526738121891,0.494258556379,0.495839693227,0.987838282386,0.898777254451,0.655129019988,0.98783859304,0.0891590865932,0.0894084846149,0.0423458436767,0.0641467248653,0.02104499254,0.0781323319867,0.288561901541,0.313740603805,0.512659787963,0.408124983203,0.387895783227,0.98783859304,0.349024244563,0.43544478025,0.98783859304,0.49236822473,0.502840588719,0.98783859304,0.449718084319,0.50720342695,0.351915111202,0.95067212793,0.223171242439,0.0161304260198,0.364962174795,0.156208404075,0.0296631218106,0.258719301516,0.234805084002,0.221079468518,0.117954512143,0.439344685947,0.173431202739,0.98783859304,0.493472054241,0.332985314122,0.299796057648,0.98783859304,0.98783859304,0.482226233668,0.49155180516,0.98783859304,0.98783859304,0.98783859304,0.529486259385,0.00845494914164,0.0195848829094,0.303209019104,0.570943994551,0.505261395854,0.401398939193,0.98783859304,0.0669295125884,0.0139100140291,0.473429668331,0.0235872921223,0.339780906408,0.443669309165,0.440856460464,0.482893730647,0.543195281621,0.49307356406,0.473149260276,0.442366143229,0.243247306396,0.217300456005,0.0146914729403,0.0214856089053,0.331733620829,0.531434369885,0.98783859304,0.492086031191,0.98783859304,0.489504954778,0.435135716809,0.500850163413,0.0455317809564,0.98783859304,0.0946098929162,0.514815167033,0.536162285415,0.382137840479,0.98783859304,0.405744221613,0.386194836813,0.504030327076
0.169222178174,0.0432000679549,0.0462630790497,0.00898453652075,0.0246800388582,0.023270328193,0.0186279097767,0.0123954727343,0.0200679566906,0.012383618415,0.044658767588,0.0260243369035,0.00820274315648,0.0445170620691,0.0200455483523,0.046008205714,0.0409479394613,0.0796160043029,0.0412733340511,0.0421909693641,0.014312379117,0.137318954389,0.796382652066,0.460383537316,0.922079752322,0.966670182491,0.967974505976,0.969739350075,0.970631667631,0.97111327841,0.971183794782,0.61791856179,0.518433951347,0.35189565694,0.0620741299208,0.292445830543,0.0927365953447,0.971264767836,0.971277675074,0.971283529843,0.971286404768,0.971286492261,0.963911267224,0.461351911509,0.144460321101,0.117731243474,0.350730901184,0.568556082996,0.499711482268,0.971286867793,0.491721501819,0.461745241803,0.339476759754,0.177420854753,0.444200765812,0.504891255175,0.346663467087,0.116558357214,0.0205619505863,0.301816935061,0.525377984774,0.403088383945,0.507717800511,0.49791071804,0.496348623106,0.505677695344,0.168740542552,0.523316014526,0.497516643734,0.477099987601,0.97128689434,0.503676054523,0.492136454722,0.500606336204,0.498264008074,0.580694607954,0.539513685968,0.488454425115,0.114915516522,0.851599461934,0.971286894346,0.436678081057,0.971286894346,0.503661079443,0.394592883631,0.971286894346,0.971286894346,0.173013993348,0.48616915474,0.195369164519,0.292957989071,0.207324317717,0.837250844546,0.507472161672,0.971286894346,0.314956920995,0.971286894346,0.487407972936,0.499001938029,0.40872739185,0.559300396293,0.512333789007,0.100624104977,0.569001571017,0.971286894346,0.440025827844,0.971286894346,0.971286894346,0.582292439395,0.488197704714,0.498879473792,0.203933484278,0.123510248294,0.369611834201,0.381192706586,0.70305913171,0.971286894346,0.497363273855,0.0528381705434,0.00720211383708,0.041713888001,0.0270984525075,0.0425898448009,0.468686870079,0.0825152609075,0.0412434453304,0.084305088047,0.134045454216,0.50701854901,0.481458016718,0.971286563159,0.971286894346,0.369605968345,0.417444716177,0.636536898177,0.174677934946,0.411961841175,0.280681270535,0.0894278000608,0.0101249144787,0.496101533199,0.852611655783,0.436077529652,0.492957106174,0.512259482531,0.278855053146,0.971317308426,0.971318945355,0.508677781664,0.494399003228,0.507096272111,0.971319052734,0.876787150504,0.894718349733,0.488193935486,0.236526288378,0.538517470873,0.474197025926,0.97131905954,0.242566034542,0.481377106933,0.971319060044,0.971319060099,0.971319060167,0.971319060186,0.517109401469,0.491684737095,0.971319060349,0.971319060351,0.971319060357,0.495407742699,0.971319060365,0.971319060367,0.971319060369,0.971319060374,0.194436690709,0.494388700961,0.317908615411,0.971319060375,0.118467947197,0.25131738768,0.469988195995,0.971319060375,0.502425698269,0.518848588683,0.356064032354,0.265804662233,0.488488276274,0.607726165397,0.0596107939352,0.492317016926,0.522146657248,0.557425638086,0.498381724637,0.397567221582,0.272542957691,0.971319060375,0.396773255424,0.389037252193,0.494789126629
0.29748514009,0.0649762180438,0.0253474812984,0.000270744336837,0.00502238328505,0.000246589302279,0.0122503672341,0.0430519907986,0.00761025996398,0.0219161655498,0.0113261647771,0.00238360150609,0.0114347470059,0.000758548658847,0.0097518322525,0.00190054201586,0.00278758706052,0.000365518674234,0.000366749123793,0.00242891024044,0.0941933235962,0.380621667168,0.73743046597,0.180935712289,0.361812371102,0.576392973905,0.359112450976,0.372519129853,0.163040783225,0.329143400386,0.506144800465,0.67089670439,0.362288543569,0.486882832737,0.211116003129,0.139629479537,0.0060348129321,0.651406666793,0.485537898357,0.362787040078,0.980264714119,0.992194309887,0.109337707865,0.00947607278151,0.167021381871,0.496857177539,0.497839769627,0.620880137754,0.422154241671,0.00910740964744,0.0157390893817,0.427623140386,0.388017238665,0.0679816259397,0.0863435028465,0.00999706772425,0.0021559890847,0.044498624216,0.999221999051,0.999221999052,0.999221999052,0.5167565663,0.279636374192,0.300450222444,0.496352918091,0.176986642275,0.493685289218,0.574340612238,0.467793671073,0.999221999053,0.999221999053,0.495429701384,0.427059459887,0.419490077775,0.0815825206714,0.154935376698,0.747636205154,0.50757442594,0.354171546763,0.499696487589,0.0474838718235,0.00210126776133,0.503343704893,0.484301107462,0.164459173347,0.035784318171,0.258206310123,0.999221999053,0.495990783041,0.999221999053,0.375020852219,0.490554937135,0.10691435263,0.28870070481,0.999221999053,0.340899483315,0.60037584535,0.0740709754039,0.0690245215027,0.448536657209,0.492851922411,0.00425520284911,0.504401706771,0.0746393053935,0.42807294062,0.5439137327,0.359564526028,0.196184447176,0.999221999053,0.999221999053,0.49413822746,0.173311343346,0.221570817398,0.504111369505,0.0945451642216,0.999221999053,0.545734445622,0.999221999053,0.495300479063,0.517180840444,0.134487259728,0.376848386947,0.214800085398,0.788909656764,0.64520192477,0.305780478979,0.271753009205,0.158110294763,0.409627120769,0.00221973543482,0.999221999053,0.999221999053,0.0303266178482,0.999221999053,0.170068413282,0.501337000538,0.352851217055,0.237661183152,0.523500996351,0.488220692219,0.462980175668,0.434120968868,0.999221999053,0.411615269726,0.443973339884,0.16628258254,0.0436157669553,0.0149403392567,0.000601958754518,0.133988632992,0.508163166486,0.489308790144,0.507469392303,0.999221999053,0.499068908641,0.999221999053,0.999221999053,0.456430196978,0.153195122736,0.508211971922,0.999221999053,0.481736569457,0.577732466653,0.0685158991544,0.240899957378,0.888064797338,0.999221999053,0.0196732367429,0.00885094417207,0.00933168025709,0.00214796854445,0.011893066697,0.999221999053,0.398397997331,0.305510277943,0.0486301477923,0.999221999053,0.520861212701,0.999221999053,0.181438199987,0.999221999053,0.490714718202,0.300571780206,0.664952557384,0.026022949052,0.388106813732,0.690401820538,0.792568430516,0.187736643115,0.505162160362,0.122797901097,0.232017384267,0.333176374994,0.857240956636,0.597644287206,0.141399732498,0.067024008282,0.665890339191,0.133653398427,0.127980376665
0.0470176194657,0.0244906929763,0.17066440164,0.153161632318,0.10653889596,0.0559136489327,0.10040900367,0.0513952375257,0.0586853293378,0.113045617708,0.138879113509,0.0784019405046,0.0202368097304,0.0759708759005,0.0838331796743,0.0762111179365,0.0858607163473,0.00916573887615,0.0153879744359,0.0253953867172,0.0509393721945,0.0504260447142,0.0273527775554,0.0110095503638,0.022226029391,0.0150265200021,0.0113467349473,0.00776676302487,0.0770943419176,0.0353080027184,0.638670981376,0.827386067885,0.839391689554,0.916357423411,0.475105052372,0.386185868426,0.019216659366,0.982922067963,0.983958855685,0.490489464571,0.882985146036,0.98530748693,0.508560164349,0.48269599287,0.985491529728,0.985503078284,0.508128769922,0.119013127562,0.753975500302,0.494849787372,0.493102357952,0.0816496388595,0.639941506821,0.493051773654,0.428984105889,0.597451338842,0.120144353396,0.594435947554,0.980648957935,0.985584645981,0.0647476441244,0.310402234749,0.338603924321,0.449443188869,0.393706562803,0.512506383909,0.985584700551,0.985584701114,0.98558470136,0.491212768666,0.985584701624,0.459442468839,0.498060733701,0.511552920222,0.476187337366,0.518693740848,0.512428395763,0.0965832058813,0.0882726052235,0.489386486333,0.000253069044447,0.0139089956611,0.985584702166,0.490124874613,0.985584702167,0.985585594644,0.655788259288,0.115873044431,0.114730653588,0.44092747874,0.246157070049,0.0106384505241,0.0404961226215,0.00583524208705,0.0020989816345,0.465532891313,0.774738491649,0.986325772695,0.498490942276,0.986327655876,0.986328336565,0.276163528754,0.986329212789,0.98632956026,0.451476026353,0.503996244395,0.986330052661,0.503251159308,0.0691474662497,0.0324026590513,0.442398148625,0.408246306017,0.193979403391,0.2492343618,0.827233971917,0.894192194258,0.984379859826,0.986330114849,0.519191516006,0.494840226366,0.505414660549,0.986617423294,0.271358498781,0.562474147429,0.169642039686,0.415570010624,0.0664631728313,0.987619385414,0.987652765679,0.610005941169,0.43559452758,0.0343284947075,0.164109913339,0.0584499877709,0.00723766976924,0.451471291646,0.478774264265,0.987689831267,0.173384290813,0.50709392309,0.987690790512,0.499621449019,0.471322762893,0.385209585961,0.0624691545582,0.512324734422,0.501126950282,0.494766722239,0.489792958205,0.542002389624,0.987691005533,0.504154623671,0.509099369458,0.0928859273934,0.272748354936,0.0651962673261,0.13487048105,0.57860706185,0.466816027798,0.480465931612,0.664715064636,0.0970873254254,0.07815922352,0.0551443463148,0.041709495213,0.292741049032,0.240785497245,0.987691006502,0.947195169594,0.508782437991,0.491688308041,0.494814393048,0.517638152049,0.496473870633,0.397782445012,0.0505339266805,0.145788297077,0.0286949006747,0.874120875975,0.022534730438,0.508392830099,0.985560589473,0.987838647321,0.987838647528,0.499414501423,0.489617857246,0.131453395152,0.0880230273212,0.488551217488,0.424097955266,0.987838647571,0.798167482682,0.00191058725371,0.1011295389,0.765870756967,0.00853822389585,0.189181089573,0.371763192759,0.736005335565,0.0425536487415
0.0407354149095,0.0021796472801,0.0918142208329,0.0151967241133,0.0776038683046,0.0126227135801,0.0132139607358,0.000466256707727,0.0045128733855,0.00374979728731,0.00129493568016,0.000122661665597,0.00310655961291,0.00178097671686,0.0020855117517,0.00740815514815,0.00608614682282,0.0302027558725,0.000367713565206,0.000253168834029,0.000747486021888,0.000246739381441,0.000403243016763,0.0014660549838,0.00245348293818,0.198211493255,0.456785386118,0.437362948702,0.134424392858,0.0353551333366,0.075276307707,0.0547703154675,0.290162117373,0.0940752233898,0.345787256412,0.484388472934,0.376415268182,0.999177115058,0.999200566556,0.0475745618487,0.190592664824,0.999219531153,0.501964539513,0.120041468563,0.104824920241,0.120709654793,0.0574942106999,0.0393154134306,0.353497923883,0.280185939039,0.203430314804,0.448705380971,0.00739153432671,0.999221930739,0.999221934053,0.999221937945,0.215408891216,0.0155765123256,0.999221938833,0.269662406199,0.53541273418,0.12729969317,0.999221939049,0.0643573502496,0.435651470997,0.500763495932,0.0369794676782,0.120610524081,0.730918564598,0.486755478293,0.999221939087,0.450695538448,0.999221939088,0.544552913298,0.486018053322,0.173553413024,0.534221770821,0.533559278547,0.313231095061,0.192453787493,0.169246850544,0.355614820714,0.0892535708893,0.493933635354,0.999221939088,0.999221939088,0.999221939088,0.533963305523,0.706082331616,0.999221939088,0.505361828073,0.264271644093,0.155544643629,0.153924796841,0.997931210125,0.415237212683,0.22421232065,0.414162323776,0.487918694967,0.504960843918,0.507415614625,0.166170226389,0.151289271983,0.508926031058,0.911994357515,0.497859197306,0.494636961918,0.999221939088,0.482170219308,0.999221939088,0.393404235518,0.0907951021995,0.497532875424,0.999221939088,0.490953958449,0.52060332716,0.0263079485726,0.571463086757,0.389050683135,0.364019823357,0.999221939088,0.999221939088,0.092289626921,0.45391935734,0.486442836837,0.486442836837,0.302592730014,0.469678562747,0.999221939088,0.726767213549,0.999221939088,0.501352735741,0.914885865724,0.999221939088,0.5089378179,0.999221939088,0.999221939088,0.505071045606,0.342423248302,0.495477377943,0.323410017453,0.153396178745,0.999221939088,0.466624008534,0.24208661455,0.0596183977209,0.520676872186,0.47421474219,0.756140709071,0.533623766057,0.495042543094,0.456039998374,0.308537496778,0.405810968768,0.60709987913,0.421640401135,0.502477926919,0.999221939088,0.999221939088,0.494920115889,0.372298404859,0.276234414988,0.010123139037,0.619137806558,0.0260300403872,0.200509235828,0.999221939088,0.575739653547,0.107951905939,0.499411793683,0.999221939088,0.505910939181,0.265781591196,0.744146679069,0.973390935194,0.999221939088,0.457740938533,0.205506802859,0.215592408601,0.350849426135,0.120848234754,0.492176199631,0.537282777007,0.413330570569,0.999221939088,0.204203535756,0.116844877821,0.0717769537725,0.444171420636,0.47000283026,0.370015372991,0.155579377851,0.085095354703,0.885122054009,0.969813249831,0.136185330264,0.0823885254343,0.999221939088,0.503386946395,0.527484610234
0.0351561928924,0.27384291134,0.0673208981856,0.0722495984857,0.00558784128276,0.0475158422972,0.07568685177,0.127046206348,0.119982188178,0.0749186473516,0.222976273159,0.118430759908,0.223096404622,0.235893889163,0.270943830911,0.272772673011,0.0447768481504,0.0421159840406,0.192493438074,0.269255404832,0.226449595931,0.236425131672,0.237934841429,0.25237874489,0.235415983382,0.238689261479,0.239105778323,0.253452344285,0.313268960687,0.166146067284,0.168435793166,0.27201113918,0.325884055911,0.196231625111,0.188319028804,0.228727678574,0.0743008106448,0.202191812286,0.0510884734573,0.224700869673,0.0860980863885,0.0756786870171,0.117787682778,0.186289714596,0.21910964982,0.222556385367,0.0503974284907,0.10616238719,0.132086817928,0.0424899877568,0.124119739666,0.179122856369,0.117721557935,0.0209914468365,0.0519080115859,0.146307342841,0.0452358393863,0.0866783252266,0.0777295521056,0.118002087951,0.0827324484682,0.122548967267,0.118772696243,0.0691708219668,0.0116107716903,0.0573364885805,0.0423998678983,0.242998565531,0.486143875607,0.584742487107,0.354692642296,0.790618939945,0.903488456836,0.51897770631,0.338115602339,0.354155518398,0.693192050181,0.501717514074,0.499746278383,0.46423976051,0.259141838479,0.905208843825,0.647730464252,0.905224559863,0.905227984307,0.486937339647,0.359467616006,0.496406892893,0.476656383361,0.905234250712,0.817510730726,0.108937579857,0.0956696559381,0.277142894671,0.471117489569,0.169712156308,0.00890845491157,0.0117047682143,0.0520091117682,0.00877781726443,0.12157998002,0.0764922686706,0.0831502547787,0.515516631686,0.901321860832,0.504154234969,0.499504616589,0.637362684832,0.0741477262359,0.45565413087,0.465597376179,0.484989050055,0.0499010874453,0.905243455049,0.706082117355,0.497546342972,0.505859335437,0.490670253397,0.507260673858,0.90524425984,0.905244327793,0.450715467857,0.122553650166,0.456621962444,0.548224057534,0.505320019582,0.905244417963,0.905244425211,0.384590684266,0.133475526682,0.352216346585,0.905244429016,0.4866314529,0.0113222527814,0.90524443057,0.905244430618,0.905244430812,0.905244430841,0.502959740718,0.203916684052,0.403923443627,0.481221259491,0.814396301819,0.905244430969,0.497389712439,0.493703981002,0.490645078171,0.508351776895,0.493000295208,0.506377162211,0.581234475108,0.53161164822,0.26078221492,0.294406741495,0.118064558081,0.499553617693,0.0777154832431,0.378814312939,0.008808967612,0.00972584177565,0.171264695188,0.895409154899,0.457494037485,0.905244430982,0.498561990302,0.454090773196,0.318146347992,0.0369836025801,0.311266841987,0.49112440429,0.503149440768,0.474134248262,0.343841903793,0.230225828819,0.454177072021,0.274617037161,0.383754968346,0.118726588431,0.289951950002,0.577406766176,0.118463370858,0.27512581072,0.0918796271091,0.178553579196,0.0749832693159,0.0740683026795,0.49584811907,0.423345346238,0.472411408566,0.581877884484,0.481047233268,0.462163436357,0.088648204875,0.123775882892,0.412225467666,0.503768932037,0.0129010333878,0.390670014067,0.126359483027,0.472009112156
0.123494935203,0.00721698981917,0.0476483422579,0.0191645815066,0.00215496643784,0.00751276025016,0.00302482028888,0.0209833757311,0.0246123620156,0.0103443206923,0.0245103682531,0.0279868047109,0.0573555602172,0.00431541194778,0.00194384891767,0.0105234093774,0.0192308009689,0.0111191586711,0.0291307681368,0.0202566474619,0.0410337409409,0.035247015213,0.0234960082946,0.0538075947036,0.0558065091361,0.0438229484824,0.0436238559121,0.105389750672,0.117721572047,0.0892199894834,0.499136105967,0.491293518497,0.0434908950969,0.0545862753533,0.195924522779,0.0510171211407,0.0793640328744,0.00232454807474,0.00717796506618,0.315338359031,0.0266054657021,0.123789990734,0.148947424633,0.0721072499329,0.244949695576,0.0019282784775,0.00721816649853,0.94398562059,0.502448167658,0.943985620936,0.453823779928,0.943985620938,0.943985620938,0.498175722263,0.486670869237,0.352200507866,0.402527907613,0.00352630108712,0.349826673881,0.662367870678,0.943985620938,0.544630081933,0.943985620938,0.943985620938,0.795689134093,0.544614479603,0.531097584444,0.47538810223,0.349832570137,0.18295208597,0.0427490702222,0.0449595835007,0.0492162055826,0.513717126336,0.430013391043,0.0480444280183,0.522006452981,0.410030215633,0.512238863397,0.492943474869,0.0133361979991,0.0648302508892,0.943985620938,0.481200134295,0.463432795847,0.246924965712,0.103451300293,0.474709362798,0.943985620938,0.0743749018704,0.605295655352,0.857349569482,0.4898670735,0.467549295725,0.280608993996,0.0111562750453,0.00193985477303,0.0298057752958,0.943985620938,0.47245992329,0.496591553368,0.352957573282,0.943985620938,0.943985620938,0.943985620938,0.943985620938,0.943985620938,0.943985620938,0.943985620938,0.608928488875,0.487271116607,0.943985620938,0.470608075289,0.453053646787,0.943985620938,0.491535383997,0.488833523801,0.0409155838292,0.0442741172481,0.503620950874,0.296924960277,0.223923028723,0.943985620938,0.494874246446,0.241332302865,0.0775164346629,0.0513119437009,0.174210395651,0.520963460729,0.517158136281,0.43171735341,0.163528285809,0.493082482578,0.0800661575509,0.114215941351,0.0427045697489,0.244360619478,0.265239638569,0.501939161071,0.238213112017,0.481390591468,0.231661387647,0.221157974927,0.629432867834,0.462246665886,0.298312862637,0.168870789695,0.188051847383,0.533260955497,0.8510847694,0.457508986188,0.486449284216,0.0433688022838,0.0457122209374,0.331366230399,0.0409764224779,0.0436189197935,0.049355830074,0.547320131401,0.913488522339,0.516235198494,0.921516608396,0.943718322031,0.505537264053,0.383551726998,0.506559515136,0.495461908284,0.422868897049,0.385358938916,0.0852335273351,0.0977479787586,0.489503439582,0.316649633976,0.183847466057,0.474164672129,0.352592328715,0.412373772258,0.0793687082948,0.943985620938,0.52448087423,0.381877459523,0.0419005518404,0.240784137788,0.197632406215,0.572361411239,0.943985620938,0.490139089644,0.943985620938,0.943985620938,0.43335157616,0.943985620938,0.457741977714,0.943985620938,0.943985620938,0.943985620938,0.497339298979,0.943985620938,0.943985620938,0.943985620938,0.378442107099
0.34783689218,0.0474781227731,0.0225969824988,0.0410474189935,0.0117698455897,2.4086258965e-05,0.0424828655774,0.025935073273,0.0773248165106,0.0479570833062,0.0250693161184,0.094469605596,0.0572787699215,0.00800627125574,0.0155482632138,0.0072517348675,0.00729763373759,0.0359403856721,0.0416191708363,0.0223473838771,0.0101115837526,0.0127548586769,0.0195439546824,0.0192435643457,0.0209796399763,0.0192872239601,0.0451797959774,0.118810078561,0.517407802779,0.505262377547,0.50954426307,0.309501898225,0.688482154365,0.200382219651,0.0209226855242,0.0317920606676,0.120347650338,0.341159241508,0.491633917114,0.968183274875,0.240162814509,0.968319469365,0.968334123714,0.968346898669,0.968370932558,0.492430122866,0.968385358205,0.597856332084,0.28208194951,0.968390489591,0.505102507787,0.968391925585,0.520914740131,0.491799026223,0.968392476394,0.968392561704,0.968392605824,0.0724438497346,0.155132984947,0.0194053590868,0.0227112763514,0.0355656798851,0.443731606609,0.39933342196,0.501685619371,0.966461418007,0.409534478288,0.00754192574872,0.081189646634,0.0338486922865,0.469217048968,0.50785122975,0.730920230839,0.448385216105,0.498094234444,0.694000384272,0.968392871184,0.516435287517,0.499377527836,0.968392871251,0.510793077031,0.179002030502,0.075340478647,0.483500181969,0.56337257943,0.480917720859,0.0248909870099,0.435052763853,0.13813851879,0.176282898522,0.483736535212,0.48757373454,0.57329450074,0.337461420555,0.193770281005,0.183279050659,0.0238280405415,0.0428174042492,0.878449459453,0.0216324915028,0.170504924341,0.227927436613,0.852312590186,0.381229567384,0.39049978434,0.472836036247,0.208068347165,0.968392871267,0.244655083404,0.315592396115,0.0930334172639,0.386760621513,0.505013004579,0.452255198948,0.493783505967,0.0369226892512,0.968392871267,0.463201495969,0.968392871267,0.968392871267,0.968392871267,0.516379386218,0.68454906319,0.492162721385,0.479168724984,0.299669366975,0.501451097836,0.424178671003,0.307720334742,0.543156045358,0.528862874618,0.800515969627,0.500293553426,0.509351480689,0.481897794947,0.968392871267,0.968392871267,0.968392871267,0.817709361578,0.290193989472,0.506723740421,0.104777100444,0.053451870492,0.25078509644,0.512753516193,0.304053411831,0.50494482937,0.453780032283,0.968392871267,0.48955166506,0.0673250998404,0.486086714641,0.323658569712,0.509929529194,0.495354509622,0.132681095392,0.509371442782,0.222710300941,0.104867864165,0.968392871267,0.397972164445,0.513183261549,0.574297496524,0.424955302914,0.968392871267,0.623161822131,0.536044976192,0.38193390562,0.477336323937,0.500061723648,0.166264550955,0.493169116719,0.51108802421,0.506068685184,0.440328877406,0.968392871267,0.968392871267,0.505078404214,0.489801139728,0.421203822359,0.270365199829,0.117662657802,0.121641797906,0.234933593167,0.0602034435799,0.197877476273,0.205159305211,0.507066264415,0.196808064939,0.0702441136452,0.135489607063,0.187956544305,0.321184852616,0.231381026368,0.40419222977,0.027656512624,0.0333093011167,0.0607437395472,0.0194584721318,0.516641487627
0.0889913863871,0.0854083927493,0.0892186543006,0.0789924484076,0.0752795558253,0.205041102195,0.0825890189284,0.11404398353,0.0251343020853,0.0635278659472,0.0554475180209,0.176587440931,0.0945571660572,0.259069046416,0.113816505921,0.124994846982,0.127861082374,0.118190843374,0.119591681571,0.117929727651,0.128523031626,0.384082644671,0.462804016215,0.498591379573,0.507599125052,0.855597850832,0.477473737554,0.455972793109,0.321111501368,0.122026110772,0.411443241255,0.0667651902524,0.557880550556,0.200771340722,0.480462982315,0.417514418589,0.0300980218985,0.432219075238,0.322587909788,0.172775159963,0.131721620701,0.123604194213,0.156283858108,0.317427931917,0.41796640003,0.0472151684782,0.327523737148,0.140049048998,0.161004577819,0.547597364075,0.515010901194,0.503179718808,0.221199451194,0.148785017253,0.491203780053,0.125604336828,0.171410631635,0.0371590297383,0.479796811128,0.0908604255388,0.0742099336677,0.117850137615,0.114984230188,0.15189300105,0.130965821947,0.118205822804,0.175907984926,0.390592633723,0.500722699589,0.528715937328,0.50478650739,0.85749303871,0.85749320805,0.459806632042,0.502085925555,0.857493270916,0.5175716063,0.857493271101,0.857493271104,0.857493271105,0.857493271105,0.494524291043,0.269257053937,0.0580543653693,0.0351704615078,0.102812543017,0.121836823313,0.451163308657,0.492796375651,0.857493271105,0.495400634536,0.628459708749,0.651501199851,0.857493271105,0.338151253372,0.491471801914,0.857493271105,0.396580670473,0.497929915866,0.24321905029,0.228159204841,0.496350963489,0.119153190652,0.473987169869,0.205955047534,0.411484153214,0.501077402333,0.409313299694,0.454098932524,0.716946518006,0.481501212152,0.857493271105,0.48926914555,0.516553053111,0.106844639783,0.025105941953,0.315467417991,0.352057217355,0.175787382614,0.198829873314,0.121639999121,0.134488871284,0.0586280407088,0.117874492995,0.406308741301,0.534277496715,0.280304702682,0.723931492858,0.496861500061,0.85738776572,0.258661250099,0.497490853095,0.511217780922,0.34213529363,0.857492817976,0.8574931424,0.857493239443,0.857493267598,0.857493268442,0.857493270026,0.477364327681,0.493430684631,0.439620786844,0.857493271027,0.072577577647,0.496488529368,0.857493271105,0.857493271105,0.857493271105,0.196378334935,0.857493271105,0.857493271105,0.493379248761,0.125288774045,0.506468206422,0.295344496291,0.406927952044,0.204885668437,0.0273394306751,0.0203090661833,0.271723430593,0.18801616374,0.272809525856,0.233604543723,0.119156991923,0.142876137411,0.337748217447,0.498970112455,0.129053179163,0.0722992969133,0.0400482875581,0.0655334056416,0.45687910676,0.857493271105,0.0836497382089,0.379939560799,0.100848294379,0.0979005405419,0.130835313556,0.225530336646,0.857493271105,0.412249920555,0.857493271105,0.857493271105,0.495719529504,0.857493271105,0.834684611294,0.842695364304,0.451634616639,0.493315460724,0.857493271105,0.857493271105,0.857493271105,0.857493271105,0.857493271105,0.857493271105,0.494147678455,0.448091192625,0.251092634441,0.12002271669
0.334560910601,0.17300978582,0.00116022656153,0.00303645024439,0.000991358538691,0.0213320415263,0.0117175968457,0.0105108469052,0.000334654557889,0.0112412886709,0.0147456206599,0.000941874376606,0.00857562858298,0.00665000950288,0.00504851671022,0.00840982319227,0.00069704135678,0.0022628066633,0.0957723615206,0.16957524472,0.253271956165,0.760708012612,0.0174831054768,0.0039244500111,0.124781857794,0.987939626235,0.999184206161,0.999197010879,0.499345069441,0.816671876576,0.393779598604,0.046199228298,0.647771506869,0.299643027934,0.463012834893,0.543021570767,0.608783260861,0.999222001134,0.999222001137,0.999222001148,0.482245859027,0.0292465013135,0.49010375267,0.507144905275,0.403143134309,0.999222001149,0.999222001149,0.514553214762,0.999222001149,0.260203291312,0.341705344029,0.999222001149,0.999222001149,0.496917051901,0.501985075895,0.506435739587,0.413305504972,0.0722464879013,0.175396409887,0.103833713409,0.0289190612647,0.0679464570469,0.527329152296,0.477153002084,0.534587082723,0.999222001149,0.511618388646,0.0756160124094,0.11632528335,0.276626732235,0.590766061858,0.18266095904,0.234081667612,0.333916422461,0.298942204025,0.495486058314,0.998446589877,0.999184750775,0.0438126778239,0.0736881344976,0.0259969803322,0.20369602519,0.0198162463189,0.324355578955,0.016681207069,0.999222001149,0.999222001149,0.527479619146,0.206312495448,0.588575183491,0.0253530633638,0.807968752332,0.999222001149,0.396990554033,0.0288605210992,0.391341806438,0.280562013024,0.393273647301,0.599623911651,0.499187757804,0.999222001149,0.507099116798,0.498870627246,0.55264499051,0.641095131533,0.230952999365,0.386845045992,0.168778219313,0.15568854433,0.519563922203,0.999222001149,0.288085002919,0.374451014463,0.132055898334,0.156555324842,0.493579320497,0.516796425386,0.999222001149,0.999222001149,0.377293245442,0.494180789608,0.230900259073,0.0215747671377,0.0639398121533,0.28796691126,0.999222001149,0.522951119326,0.999222001149,0.373300524969,0.474153400527,0.42400858965,0.285146218517,0.425608383077,0.999222001149,0.405862989307,0.20714280915,0.0383466109124,0.00950636365584,0.999222001149,0.00369296622651,0.234455919198,0.501400182701,0.468011409779,0.999222001149,0.103760951471,0.999222001149,0.502084435236,0.468372922471,0.999222001149,0.486385382309,0.527704484389,0.999222001149,0.999222001149,0.493405645235,0.10747431293,0.454493282899,0.195996984482,0.0298197572548,0.389677477076,0.234901946225,0.509125602139,0.999222001149,0.533282972473,0.168573982527,0.383976859321,0.0257150267285,0.0571239736999,0.434038809001,0.999222001149,0.544239820698,0.317536539362,0.999222001149,0.500343428704,0.999222001149,0.488231805766,0.429191406459,0.999222001149,0.962162501693,0.509749911997,0.999222001149,0.49290018338,0.999222001149,0.999222001149,0.999222001149,0.999222001149,0.212108384032,0.999222001149,0.477219124328,0.999222001149,0.470654017681,0.412362542734,0.450742540589,0.0113399089032,0.999222001149,0.493312320913,0.487638473584,0.234027318613,0.357374839958,0.0651589520244,0.271367658645
0.118001661812,0.000347468097575,0.0459839374232,0.0629225607073,0.0621587149451,0.0815442220275,0.0514917618034,0.00291813402442,0.00231878419906,0.00721710597581,0.00504520971785,0.00898278950047,0.0258031669519,0.016298969319,0.000309805471507,0.00190158439059,0.00380605812,0.00640592590177,0.00196483438928,0.00116630516584,0.0029730201138,0.00799413205594,0.00450177618087,0.0011514946453,0.000326176837318,0.000540269387041,0.00026361424975,0.005218406021,0.00424396750112,0.000270812539187,0.00172952260139,0.000377975420082,0.000497598619438,0.00048769053967,0.00110713101163,0.00902310680511,0.0488378529512,0.129786828884,0.246570641145,0.0737997977498,0.0725746134362,0.0521073353126,0.489723473122,0.411693132798,0.414213741411,0.382952970581,0.0556175714547,0.339575844997,0.894214896636,0.67524392614,0.232650462403,0.00443103749844,0.155617516608,0.0327875302127,0.530046523685,0.5115132579,0.197099812886,0.13599296738,0.0421253703693,0.145283213713,0.999940701529,0.506061903091,0.999941789986,0.505282947888,0.999942118652,0.999942136414,0.508143373116,0.07906769179,0.22291610373,0.604898043361,0.507358765919,0.312059513073,0.267219869494,0.0399964846995,0.452322843741,0.384298945963,0.327050158958,0.361303593436,0.0798321285298,0.0189319088525,0.495591778672,0.326059245846,0.489352280438,0.0302368750519,0.100615278544,0.462287810716,0.0759853592697,0.75964466152,0.357999417797,0.543965847501,0.495860326144,0.48749729682,0.0121279489871,0.564860175794,0.999942339277,0.999942339277,0.0110140759289,0.991863147805,0.52480577033,0.485225715385,0.873925956099,0.400609641179,0.562445544767,0.490495203132,0.999942339277,0.496917896226,0.999942339277,0.394568295873,0.500028304938,0.999942339277,0.999942339277,0.693682954864,0.799888253901,0.00503067884962,0.500574545356,0.324283222418,0.429072582866,0.421374246298,0.999942339277,0.633188089145,0.999942339277,0.67116035582,0.511939798239,0.413582444988,0.999942339277,0.463212592939,0.732536652524,0.492906199721,0.466045305208,0.971121019721,0.505272238334,0.520690457035,0.4726127942,0.119156704469,0.485873503107,0.999942339277,0.426955095879,0.0186763362765,0.142614058553,0.0803911660786,0.01666135473,0.00274428921568,0.497631985967,0.458469048835,0.0814896423621,0.540183368607,0.49152797751,0.496743007987,0.999942339277,0.490124553526,0.999942339277,0.465597466587,0.538773549014,0.992627496285,0.468726531979,0.0827526488095,0.500227236832,0.506966907349,0.0252442835458,0.179446129474,0.013110930191,0.0765369182195,0.0689867783206,0.0066321197764,0.127946309592,0.0632834115166,0.109286365847,0.272602266311,0.30609645068,0.494411366042,0.494707499532,0.260774178531,0.000263784267649,0.206157393276,0.00388373548426,0.00221164467189,0.21434339603,0.999944789046,0.999944977848,0.490097339136,0.512906236829,0.999945843119,0.547417206054,0.48983529477,0.0757096685516,0.49558755105,0.0577604246936,0.366342999827,0.71811354986,0.967318835845,0.0548372912358,0.488180132347,0.17602513825,0.704171155066,0.638405427609,0.490523786865,0.496732694894,0.36581001815,0.999946503957,0.999946504509
0.20483691021,0.0119110117451,0.0168636270073,0.080757344937,0.000246808911988,0.0332692018305,0.0224307078111,0.00200671279715,0.00290009068483,0.00535233099358,0.00136267671587,0.00562505103622,0.00553312278786,0.0135470834067,0.00999480674288,0.00206093527028,0.000423491729523,0.000359083634396,0.00203397632728,0.0248108988475,0.000550012692058,0.0831579210021,0.00450501341009,0.00546675746546,0.493546506645,0.488099076741,0.766271588214,0.717093085486,0.995498542221,0.489148090207,0.321562804112,0.413186962143,0.0533790646543,0.210236776586,0.538351786069,0.523238869139,0.501284322983,0.495057068788,0.381678023509,0.087014497103,0.998427564794,0.500876245266,0.295048217213,0.104975313513,0.563967970735,0.497950660549,0.404877428671,0.16921480949,0.872235429877,0.0932935258464,0.479969900207,0.49738556426,0.514970869926,0.998429936888,0.998429944134,0.710456870513,0.500370596659,0.848224918227,0.998429976738,0.451879336151,0.998429977576,0.53338325502,0.00693654785927,0.339042371561,0.510430542203,0.998429978506,0.507425509299,0.477472891002,0.998429978557,0.998429978558,0.49389338003,0.355095848528,0.276805000828,0.501827063534,0.488381910469,0.998429978565,0.146919663275,0.049617813577,0.206520570955,0.0851745190835,0.510780544839,0.290833393858,0.998429978565,0.986627261905,0.0416255816326,0.171643204795,0.998429978565,0.33824487166,0.398918346745,0.353321066504,0.0783217178998,0.0271182303668,0.19284133253,0.554336202838,0.0220145030011,0.00130257131757,0.0482459580096,0.998429978565,0.594869371801,0.716033511125,0.998429978565,0.998429978565,0.469944634593,0.998429978565,0.998429978565,0.998429978565,0.542676770376,0.998429978565,0.998429978565,0.697577199505,0.512095673429,0.527508002152,0.476150267834,0.0192553665045,0.387808396891,0.50188965403,0.505099069346,0.376160288072,0.0078672347646,0.373128197307,0.17833917457,0.49454116227,0.28572841498,0.0331005425197,0.504737106871,0.998429978565,0.482705494533,0.934755573818,0.404470887277,0.47708574198,0.416695430875,0.195755488314,0.25831905286,0.998429978565,0.998504084869,0.715084195721,0.998889945124,0.49768708226,0.49074382345,0.309353219713,0.503344466943,0.506144973942,0.999092507657,0.999103449564,0.509049606693,0.341728212004,0.472568596846,0.282773052964,0.0413839065074,0.504782945858,0.510267690229,0.0308030730048,0.222118073625,0.488111395562,0.737158455764,0.496090019271,0.101859525057,0.478287935462,0.223964555826,0.440564604527,0.994616447985,0.506916618262,0.325744914614,0.99982494443,0.502939484317,0.318193085484,0.403806647505,0.306736666555,0.999829408346,0.25716313503,0.503736620819,0.508059452132,0.514887719929,0.499495276905,0.498180596429,0.504420456469,0.00680009906946,0.507144217578,0.200772908719,0.999829926846,0.999829926971,0.145492121114,0.971222027069,0.999829929848,0.999829930166,0.99982993022,0.494136804439,0.58425679271,0.535291626426,0.99982993033,0.484135019564,0.577329571238,0.0473572759698,0.411970442961,0.110577067447,0.0550408044329,0.111151562079,0.330957964004,0.494594860963,0.2352202928
0.18116430948,0.0862967255804,0.00190733372184,0.0434967071275,0.0192110105514,0.00102978909782,0.0756435414113,0.000438976528823,0.00937680069652,0.0497391579424,0.00903337127509,0.0192570781376,0.00883864482854,0.00730446459901,0.00889233332956,0.00334225773561,0.00721608231034,0.0162831425959,0.00807709105291,0.0137676687634,0.00118815062319,0.00203738387408,0.00281709158722,0.00760195207243,0.00209333122925,0.00134362586626,0.000342716514216,0.000476370324826,0.0614314089121,0.0057000405839,0.0405488317271,0.000246468437578,0.27697146803,0.070169875177,0.142496240233,0.0107921560985,0.00780160344222,0.0459669733266,0.998039169856,0.998522543026,0.512995019786,0.128990411575,0.0737919340526,0.999906068381,0.999941186661,0.518651040184,0.563133255061,0.193748613984,0.508677394992,0.491109892359,0.0391057657457,0.263509085094,0.205005938172,0.164633424803,0.514470234145,0.999951301159,0.146255284944,0.411371843263,0.0967173056294,0.0545140518653,0.999951301159,0.591330268943,0.115021111985,0.00103012045753,0.0803388584484,0.474601379557,0.489511238037,0.494517898348,0.496416831911,0.45136100906,0.819032517598,0.172646795947,0.000829670668755,0.0540528131791,0.999951301159,0.999951301159,0.480871285625,0.294076162767,0.326052015814,0.541033315987,0.250557477826,0.498139686253,0.170039893439,0.137013857065,0.0064278606583,0.000813602188396,0.502834772931,0.514095635562,0.53271099626,0.514477158493,0.101045047793,0.499490029069,0.373129280727,0.482532612959,0.999951301159,0.425488807598,0.999951301159,0.495486309307,0.391960558124,0.49950652689,0.0476740106094,0.0771416620997,0.722016834554,0.44655541441,0.497886752869,0.294322685261,0.351944097302,0.275328810105,0.383677891571,0.42128210626,0.0196972356358,0.491257282796,0.999951301159,0.631712223768,0.0817936151075,0.937027499774,0.338419452069,0.22043927829,0.185167639883,0.406246209768,0.000962755077823,0.0824359665393,0.0559442614654,0.999951301159,0.999951301159,0.497720615567,0.11795353368,0.579291648758,0.0596057658015,0.504520683051,0.0132961654972,0.324466598416,0.493670148665,0.501515397676,0.250458019849,0.046021279996,0.326958636176,0.516192280268,0.184466614588,0.00193204057684,0.591205765899,0.104257934325,0.510480310288,0.505604889135,0.120974535474,0.260004825421,0.308829086084,0.00189510885911,0.205910527358,0.000175915706042,0.0660177858372,0.498859090273,0.48371976735,0.497390172801,0.626953274193,0.510021475441,0.470424016151,0.101964174978,0.999951301159,0.504498391201,0.1761659116,0.0749943326749,0.21211623247,0.0904875112477,0.00812188097457,0.999951301159,0.328526323727,0.498631739681,0.999951301159,0.999951301159,0.849555511632,0.999951301159,0.455967575059,0.498311204817,0.498311204817,0.946332782217,0.143568596901,0.0553699849863,0.999951301159,0.999951301159,0.15072354497,0.499737813764,0.00752769873534,0.165072326877,0.0306020087122,0.723578852421,0.384378836661,0.00243145709288,0.00227157236509,0.99741003626,0.997654089974,0.999951301159,0.999951301159,0.501949344944,0.497801954764,0.169618161472,0.999951301159,0.583298953796,0.999951301159,0.492982027974
