0.480663932367,0.497097114146,0.492336526466,0.500461059772,0.483611378342,0.506330052648,0.508674588478,0.492914219517,0.501068878283,0.486538489255,0.516901881819,0.507102204922,0.498205885119,0.504783113042,0.479129500379,0.484264672191,0.495498909737,0.442937969897,0.481588671922,0.484941923867,0.502638319014,0.494244574738,0.455122420568,0.489914268225,0.506423714082,0.502819971453,0.497979574214,0.469871710214,0.486251974778,0.50300356466,0.492293408938,0.513236261092,0.511416365199,0.509574240161,0.508805315721,0.498484060067,0.471038877109,0.505076416443,0.485432596441,0.517252804114,0.496259290493,0.499390072789,0.48660233628,0.499307183178,0.492882726259,0.490867996003,0.4894994803,0.503219973851,0.50688366998,0.498446098806,0.499791591014,0.499796518735,0.498901723843,0.500053134442,0.499769757709,0.499857284768,0.499095890216,0.500179528801,0.500206979188,0.498767206076,0.499733920795,0.499705766601,0.499804598217,0.498941796637,0.498719125361,0.498995729031,0.499700916889,0.499436615938,0.499811491428,0.4990104785,0.498703172884,0.498955887805,0.499798118553,0.499870714149,0.496818452237,0.499374588309,0.499010779101,0.502121684716,0.499287814545,0.499031299113,0.498768703186,0.498428371609,0.498227052996,0.499898123991,0.497753730201,0.498350998319,0.499470755708,0.498361183957,0.499030324248,0.499369890319,0.498075174658,0.499237067125,0.499258554344,0.498859373177,0.499148000655,0.499599876979,0.499150621352,0.499647494846,0.498819111238,0.497877301594,0.498039863937,0.498868530986,0.499011852761,0.499014379163,0.498791406779,0.499519443464,0.499205994139,0.499626681812,0.49990616445,0.499137736514,0.499152157689,0.499509399287,0.499554639449,0.499585293714,0.499417479263,0.499526293847,0.499328547737,0.499273855025,0.499328297232,0.499410333014,0.499654091829,0.499670952868,0.500098180342,0.500000178739,0.499763417189,0.499973055891,0.499499471512,0.49991626525,0.499964339074,0.499331424331,0.499640883006,0.49989896644,0.499858726502,0.499707362608,0.499795364205,0.499590631516,0.499644487964,0.499767407659,0.499380363369,0.499510602773,0.499118576629,0.499166893179,0.499102632268,0.499203405529,0.49912103197,0.499026727413,0.498965236832,0.49898607242,0.498905395852,0.499001129019,0.49892515049,0.499006999573,0.49910877507,0.499061096651,0.498977132948,0.499206181844,0.499011252807,0.499275287623,0.499270678147,0.499068758969,0.499215274835,0.499137239324,0.499479426404,0.49959014557,0.499694817856,0.499737419682,0.499571518007,0.499478670885,0.499286810649,0.499121744951,0.499317376497,0.499295139257,0.499150906409,0.499097285202,0.499175703135,0.499031039037,0.498775075966,0.498977428293,0.499249614092,0.499047758954,0.498882066454,0.498890918802,0.4988459032,0.499010992064,0.498870309565,0.49946460885,0.499460085405,0.499568254639,0.499523425248,0.498896589945,0.498620683724,0.498514156667,0.498482716635,0.498430573886,0.498490339595,0.498567165374,0.498715489028,0.498563860502,0.498429266788,0.498656502425
0.512948730181,0.501604843092,0.509977876914,0.499642074333,0.503506025433,0.535469738345,0.54190518652,0.536268328944,0.53859259189,0.512816636074,0.511124249956,0.48787674637,0.470430384208,0.52980918731,0.531646016336,0.51368361077,0.566521402479,0.476756838512,0.570625312196,0.562697601398,0.492149864748,0.525981980303,0.51241147366,0.530621727216,0.520636687627,0.596663500478,0.56271915108,0.622348719896,0.648523011442,0.630236732802,0.688058491462,0.784203288832,0.77225815077,0.830497243982,0.822177868471,0.818124757372,0.821358033567,0.873671422076,0.877935109597,0.915603046938,0.912113856032,0.914626369167,0.906445680903,0.895714644039,0.919855604616,0.922533628919,0.929528005769,0.926306363194,0.929859676596,0.92911866955,0.927972442831,0.925487727762,0.921147764267,0.895374711602,0.91260038703,0.915035323161,0.916379180796,0.915292460793,0.916417325257,0.916242517045,0.925882940209,0.926482042483,0.926859060226,0.926385491378,0.924904934196,0.911645155879,0.914041761637,0.920700359639,0.918889565717,0.925985856822,0.922340707155,0.902853862456,0.911371137731,0.9085317067,0.904267022632,0.910397996344,0.909225420268,0.91340184866,0.918709849409,0.915919709133,0.917386107581,0.921855518243,0.922103998004,0.918641964274,0.92434721153,0.91700798586,0.916798095286,0.918746047599,0.92394980887,0.927277584088,0.930042098848,0.94303399177,0.940808654737,0.937280945328,0.937583738113,0.945968507666,0.947702367147,0.939442874596,0.943432206803,0.943676743319,0.937574318978,0.941965770494,0.930596267774,0.925837320793,0.934985829285,0.935176842015,0.953874133929,0.943343553917,0.946507740646,0.948460066794,0.956018210985,0.958104864001,0.948464897538,0.939824984319,0.955741356862,0.949990630936,0.949077431941,0.945967084769,0.94911116622,0.957735491509,0.955879603995,0.9529319287,0.961830554708,0.960486524681,0.960462241249,0.952694491046,0.945002347022,0.962183047874,0.960407431501,0.974421256364,0.963580447971,0.970553564848,0.968582691559,0.962926767858,0.969151772267,0.971137433568,0.970301607772,0.965263592302,0.972102720767,0.965954087436,0.962630839154,0.968705529759,0.972380817535,0.973361683255,0.975236950041,0.971814434628,0.97077391778,0.969048381421,0.978118498354,0.977153270387,0.981661074955,0.979673768575,0.982479683578,0.985710202827,0.983429658024,0.985405828612,0.987388809073,0.98639125623,0.987663467923,0.986385603581,0.985374386097,0.984393000275,0.986365275668,0.986367145185,0.987356165238,0.988344913669,0.989332259961,0.976346936378,0.98933465518,0.990322468852,0.989334626011,0.986371243318,0.984204781086,0.985350931487,0.975278272983,0.977253958648,0.975277396375,0.970337777184,0.981433123136,0.982420761842,0.986371656585,0.989334949329,0.98933465518,0.991310282523,0.989334596858,0.990321977669,0.989334596858,0.990322418042,0.984168109476,0.981204681174,0.980216854139,0.982189125858,0.979214265341,0.97625471328,0.958207765494,0.963382000993,0.984365623534,0.984362966754,0.987354324684,0.990312422089
0.504263612435,0.504008746146,0.505009307935,0.496311295095,0.486620299765,0.496163659264,0.496476270046,0.52045438379,0.486755166368,0.49338434234,0.522766868305,0.491343459845,0.505546156722,0.495290000254,0.503972310791,0.469256150801,0.507125019434,0.50123532594,0.495206121079,0.502613865732,0.496690960435,0.501601824129,0.499078317819,0.49098783709,0.49608754583,0.497062812512,0.507563281934,0.506130353458,0.500312776494,0.499519539887,0.494855206004,0.490874496579,0.482203357675,0.505718022258,0.489023732005,0.495082085663,0.483949784218,0.491581587292,0.498141033045,0.490680493319,0.490296231842,0.492427049389,0.499294311861,0.493236833743,0.498442852891,0.490500276556,0.498016873215,0.498583693217,0.498264500901,0.509710510358,0.522845798462,0.542922001684,0.534555621827,0.542953804573,0.543700801012,0.544683314393,0.551163081281,0.554496445197,0.562935323316,0.556567402806,0.555264037191,0.551432743961,0.554830744804,0.550950149471,0.570073082537,0.583949673923,0.584771360622,0.584520537312,0.574747540134,0.567436576422,0.564094322012,0.564659542257,0.55990898734,0.562638714156,0.572916477549,0.579017769594,0.581460537391,0.593542827151,0.590304585086,0.595255473294,0.590411987737,0.589957145094,0.589731875643,0.595863132892,0.599067210204,0.597227725949,0.599621621538,0.606249593676,0.601750013697,0.601554568181,0.605623878017,0.606239184458,0.603522011291,0.604276334431,0.604696361897,0.606746125304,0.604842456131,0.604091454322,0.607044034722,0.602136314089,0.608355470545,0.607263581589,0.604501141924,0.601585096954,0.593430574368,0.594963846098,0.59919681005,0.596051474608,0.594953655401,0.582303483041,0.594549095756,0.59298766263,0.595133578612,0.595570228025,0.595736322157,0.602899683741,0.603932476516,0.603911258481,0.60390794841,0.603921710574,0.603972450354,0.604002871569,0.603947327973,0.603874974241,0.603905415541,0.601964937329,0.603970817204,0.603826048655,0.600497644794,0.586411160355,0.600293957299,0.603054716672,0.602687905014,0.60266617277,0.603377655929,0.602949614562,0.602139311442,0.599751404649,0.598909606769,0.599897075312,0.598961878097,0.599630138149,0.600091907041,0.600245632817,0.600712896077,0.600708302631,0.601470183697,0.600046429755,0.602427782762,0.60255156976,0.59827696334,0.590616899762,0.597581466594,0.601242118827,0.601759953872,0.602079221946,0.602726991259,0.603206518474,0.603035679992,0.603049963571,0.602914907069,0.602907932354,0.602896878246,0.602756942074,0.600593046365,0.600579241406,0.602772020956,0.602651624618,0.602218381614,0.60251401677,0.602663177114,0.602326056395,0.600243911273,0.602379046209,0.601797116266,0.601902654234,0.601096384355,0.601087160081,0.600434964901,0.600019886932,0.600129105688,0.599843429785,0.597886902315,0.599686167104,0.599732902262,0.59954658676,0.598845959573,0.598253566611,0.599727607153,0.597369642996,0.599323256169,0.599449617264,0.599506185068,0.594236291074,0.590832459304,0.59515477374,0.596325097909,0.596614996938,0.598444365141,0.59800707445
0.483501048557,0.503788554695,0.498345120743,0.513871660597,0.493491720339,0.510145866419,0.503384609971,0.519658486572,0.530390186631,0.522581129998,0.517104585455,0.46949123988,0.478851349731,0.50021401081,0.488489101956,0.490495591581,0.503379033533,0.50154244359,0.489023028741,0.484252887643,0.506544349228,0.502010547985,0.500296689028,0.482155992595,0.492949138796,0.494357571499,0.512649266028,0.503227629682,0.50827150464,0.496566869328,0.499938417227,0.509556729003,0.514517971312,0.525656463972,0.524171289393,0.54527256064,0.505515264721,0.516464491488,0.525040271859,0.542862833862,0.557057003475,0.532450254149,0.548107833916,0.568952785558,0.558344822033,0.567146246094,0.570929278611,0.635862927831,0.693074624168,0.697090450212,0.696855674427,0.728258138369,0.765190667565,0.786602782486,0.806616994848,0.818545672167,0.831212661869,0.851466910761,0.847664841259,0.853464184101,0.854843967848,0.8508009096,0.852952050542,0.856976568391,0.848251030255,0.849806854886,0.840688171954,0.824644537263,0.824276167478,0.835817109826,0.840956330004,0.84657038366,0.85439092144,0.85430042106,0.864066401473,0.868213796681,0.868224811811,0.868863647772,0.866271603625,0.853461314764,0.874267874243,0.873654187074,0.871247273651,0.868813065544,0.862360249443,0.869707511884,0.87633731283,0.880858728277,0.879912498997,0.896446293432,0.903210417036,0.897641119909,0.89675781903,0.906115194049,0.906695174922,0.912674043411,0.911253929341,0.903948224665,0.906674506082,0.907790195223,0.898544147838,0.90226122175,0.900602058569,0.904315061174,0.904919611096,0.908749576009,0.904955458629,0.907622324174,0.907029063686,0.909665179573,0.899736726263,0.899878889077,0.901927193258,0.897382645753,0.903146880315,0.903305083912,0.912485278206,0.91684582951,0.911136555213,0.923783572768,0.934410466327,0.947158035801,0.947384852702,0.949318360926,0.950015889685,0.953579034694,0.954059785696,0.955738291747,0.955741671319,0.955847341528,0.955732657304,0.954747142501,0.946208239814,0.947334431145,0.956045328153,0.956155370811,0.958332219349,0.95827795609,0.958218162441,0.958295659794,0.958341052575,0.958293735158,0.958327503649,0.956797765008,0.956727245864,0.958140427866,0.958127814653,0.958081675778,0.958141911777,0.95819513894,0.958121911845,0.940737346033,0.940027524506,0.958301686253,0.958320820297,0.958141401559,0.958008561201,0.957572488627,0.956971049288,0.957077841973,0.957651069835,0.957664167346,0.957553113173,0.957709822232,0.957964655057,0.946932511551,0.957988803609,0.956823204927,0.955712487238,0.949006992559,0.949002598093,0.948873884394,0.957885394898,0.95808275576,0.958017503457,0.957866980827,0.958119935291,0.95764364409,0.957298420647,0.957530787704,0.957708474056,0.957537205357,0.957059039527,0.956960027342,0.957022927512,0.957334864749,0.95713652688,0.957168109838,0.957038753519,0.957652885288,0.958026454212,0.958130815493,0.958003239649,0.958018937999,0.957811693747,0.957858991039,0.957987664114,0.939846681342,0.952324973926,0.957892125916
0.506618405658,0.523764377407,0.493635297833,0.508478141438,0.502706459047,0.499028238828,0.508231943398,0.517057097981,0.511788243605,0.503976277483,0.515563399957,0.519021069644,0.511363799307,0.500042751423,0.514348474975,0.511619811135,0.495184460431,0.519228238847,0.515516187005,0.451038133027,0.508744306256,0.515288940214,0.515783674151,0.513703433528,0.504029864293,0.492905895313,0.527641839044,0.536012521009,0.501357408497,0.505239959208,0.523434522971,0.500791087773,0.494915554651,0.514202255113,0.51314322762,0.532588615857,0.549297314613,0.532350580472,0.524658733748,0.555713729489,0.60297413244,0.697164561476,0.773872256076,0.714644253524,0.738050017382,0.765748666913,0.780579765902,0.830077579727,0.825741545496,0.872621373982,0.870539821566,0.868916913346,0.844966556726,0.835389228527,0.863501304734,0.856153303321,0.861794626353,0.86978524453,0.877444724276,0.880180546075,0.903482494856,0.929939280426,0.928879946257,0.910220913844,0.893083975586,0.917268040616,0.893331160368,0.903937060643,0.89690628721,0.928287303814,0.928942904789,0.943475708823,0.958485605893,0.941788647723,0.954495577383,0.955080751594,0.952775360429,0.949694291594,0.957225018147,0.970619997537,0.952874843928,0.969867351977,0.969305550147,0.958861799036,0.970335397097,0.971073985732,0.97078926759,0.969898780978,0.970065222751,0.969587641779,0.968797028635,0.968778553769,0.968683711225,0.958179342992,0.958314615903,0.947837045532,0.96877279091,0.968779322013,0.968867505838,0.969027295782,0.969078454751,0.969115872673,0.969262245349,0.969176304057,0.95956396641,0.968965686099,0.965241300942,0.954729540063,0.961227506272,0.964218728403,0.964244011795,0.968767594093,0.959586160835,0.951316274847,0.968932448676,0.959284628569,0.937177477305,0.95598589118,0.96926294463,0.969468168173,0.969686238528,0.969967695345,0.969873507214,0.965101991805,0.959328151014,0.96546595883,0.970005932458,0.962686045745,0.969554547933,0.96921989838,0.969075497853,0.968999043385,0.968955555591,0.964144015767,0.968812364005,0.96878486008,0.968944470031,0.962055756998,0.968936492999,0.968897710987,0.968866038926,0.96889263083,0.968857628679,0.968850318318,0.96888470588,0.96889178761,0.968896858231,0.968934808977,0.968940520369,0.968963266327,0.965270204462,0.95848997031,0.969019348279,0.968987704579,0.962214775904,0.968913603152,0.968871711571,0.968880335765,0.968879492127,0.968886557159,0.968883254235,0.968928236204,0.968891857475,0.968824889768,0.968867883197,0.968919431832,0.968970909465,0.96653731948,0.969031938626,0.964067257093,0.969085938766,0.969091528135,0.969251405826,0.969235431447,0.969516151342,0.969520386776,0.969228402675,0.969106878692,0.959891327784,0.959889358103,0.969125124545,0.969125410051,0.969130914074,0.969125106659,0.969123875092,0.969139831644,0.969130747986,0.969658937398,0.969667480409,0.97019741543,0.971245273642,0.963727683522,0.971244685249,0.971247167162,0.971766896603,0.965192088108,0.965186592575,0.96488949991,0.969156135861,0.969155232352
0.494804014294,0.515443068945,0.518878848754,0.457395034927,0.482915070589,0.512285010008,0.491982666274,0.500852188109,0.507049990386,0.487068973245,0.504989316621,0.494639950805,0.511712687564,0.506285585882,0.492633343151,0.509243502589,0.517289640492,0.507939838085,0.511745755341,0.489295874548,0.552517010408,0.508211003114,0.521243047233,0.497725048968,0.503699015333,0.504729437539,0.535368156378,0.453048111622,0.529753489427,0.544476592553,0.601182570761,0.579549713056,0.635218854673,0.631842695644,0.584706638954,0.683367856472,0.700215695885,0.731109538638,0.749432301778,0.815372595873,0.841567043134,0.883933193394,0.899283276648,0.905070343834,0.89361138186,0.90921369613,0.880145248484,0.886875710476,0.921083438472,0.908549051259,0.92910413777,0.915510386889,0.930541702448,0.912334468236,0.918721691491,0.914925378873,0.925796247273,0.918288449105,0.926035516757,0.923120075291,0.911176716141,0.930755456442,0.943157848002,0.947322520505,0.948588817815,0.949863447809,0.952408539603,0.933453476973,0.953743901373,0.947314936245,0.952407151488,0.951141028765,0.953682626308,0.95114588937,0.948143231399,0.942049280726,0.927531027187,0.949924127444,0.952490123481,0.957591680725,0.953552681844,0.950509828361,0.944893878074,0.956481323664,0.956461300401,0.959870133524,0.966491749528,0.966511329605,0.966515733867,0.963063707805,0.964576982339,0.962701154505,0.956354795319,0.954251539752,0.954300727224,0.954295223285,0.950513081335,0.950836870656,0.956823546349,0.947560946746,0.95898683537,0.958970218167,0.960291045538,0.962835097564,0.961550511012,0.965319247401,0.964049332284,0.9627712004,0.965340321615,0.965296039231,0.957903101992,0.965324530542,0.965357112145,0.96664549597,0.949021301933,0.966694495966,0.966708803346,0.964819893323,0.966677418998,0.966673319432,0.957685396253,0.966611488061,0.966582939069,0.961259598278,0.966613908055,0.96538446106,0.96665542727,0.952458666051,0.949175089117,0.966708629941,0.957806750962,0.966717161872,0.95600960106,0.9614182579,0.948142959579,0.955768148879,0.953958773869,0.959339442504,0.959225396954,0.957035629012,0.946929705743,0.953210823938,0.95928373349,0.964908070869,0.966783589611,0.966768910011,0.966767907543,0.966760325934,0.966850818463,0.952880876668,0.958209095336,0.966949888014,0.966967310393,0.966886834586,0.957774421663,0.94736667627,0.961271340013,0.959298287391,0.964923658902,0.964923627574,0.963048632384,0.964923752886,0.963048976991,0.964924034837,0.966798904716,0.966799030028,0.966799061356,0.966798803833,0.966798904716,0.96679884206,0.966798810732,0.959837878747,0.959934496872,0.960455302502,0.967341204061,0.967617548513,0.967814107256,0.967764855619,0.966760149625,0.967282434349,0.967379222342,0.967282721521,0.967476176445,0.967379436767,0.967282732139,0.965673184641,0.964353574226,0.961321564407,0.959710334355,0.959724978117,0.948233258369,0.954393388979,0.959130342051,0.959227243051,0.962062748601,0.965188304944,0.966799625258,0.957582691929,0.957034860474,0.966799337198
0.505666819584,0.513457349297,0.487444281902,0.498197056419,0.507903091248,0.510261774057,0.519390606869,0.521190252436,0.504051240816,0.502888835482,0.510486471355,0.508107501384,0.496964836689,0.476002853331,0.539121111719,0.482971683084,0.511473323918,0.498374004978,0.510278111169,0.510954171062,0.509118231253,0.524019858408,0.53535535244,0.578620118806,0.585357903209,0.64152361744,0.612031412001,0.625342713637,0.679228745126,0.724834218414,0.769036509098,0.788314482066,0.865313603249,0.883091336962,0.901613245816,0.92382597918,0.944559928451,0.944123443684,0.941513326573,0.933121716162,0.953568136799,0.953972658751,0.958677358061,0.957911499156,0.960092744095,0.96588186489,0.964810121229,0.964768937479,0.964183992745,0.965046878565,0.96555018542,0.964470031848,0.965290617474,0.967034868216,0.967699452757,0.96829585764,0.961648394162,0.9682802038,0.968120212502,0.948904276611,0.966618130857,0.968023928898,0.967231167172,0.966915092284,0.967065319275,0.969777703618,0.969651570251,0.9700718004,0.97027917108,0.969852407893,0.969634792883,0.969664766469,0.970082383404,0.969988021264,0.969794061235,0.970099451433,0.970011823595,0.970327010338,0.97022635652,0.970227293758,0.970311674281,0.970427101035,0.970407541634,0.970401632886,0.970425169076,0.970443719955,0.970429745969,0.970452566988,0.970578054223,0.970568594169,0.968634279697,0.966693504441,0.96479692964,0.957074878115,0.962877823145,0.957079457499,0.959033587414,0.959029824207,0.95708777816,0.946985913595,0.95366265957,0.946159753922,0.96285375213,0.96687694239,0.958501967876,0.958517373397,0.966712681235,0.941754503232,0.970550408372,0.970567317856,0.97056743278,0.970573992994,0.970583172486,0.961169327174,0.970592847137,0.970592494787,0.961276465992,0.962504359226,0.970599550685,0.961285804108,0.970598492731,0.970596962225,0.97059721083,0.961285886419,0.970601587861,0.970618323941,0.96131089764,0.970623469233,0.970616345391,0.962531750241,0.962530439689,0.962524093507,0.970626062939,0.970627649529,0.970615078447,0.970602971334,0.970602794654,0.962528461028,0.96251962253,0.938287700599,0.946376085687,0.927586744619,0.938300329721,0.954463318581,0.962559298901,0.962536622874,0.970614865463,0.970615190871,0.970612311912,0.970598125551,0.970609596856,0.970617288884,0.970620305654,0.970613875287,0.970578757947,0.956994951703,0.970555476115,0.970505620142,0.970459239836,0.970447247915,0.968370776481,0.970456505638,0.970430361945,0.970377199621,0.970343724228,0.962184234875,0.970157931523,0.970074639787,0.970053635051,0.966142858145,0.959709747216,0.952963526899,0.955853134376,0.96161682134,0.961469931988,0.961274261877,0.961255675235,0.963962830487,0.960977174813,0.970144384958,0.970138251992,0.970235426339,0.970316435676,0.970347638796,0.970232751158,0.961556472913,0.953007778291,0.953453813285,0.944873583267,0.952978408936,0.952954534923,0.944329895455,0.94434871262,0.96143649924,0.969861904119,0.951013098101,0.969707629635,0.969707689517,0.969639636962,0.969646015309
0.484482169957,0.492046674111,0.505706552613,0.5171659136,0.508268418557,0.482834271146,0.488681310787,0.503797731798,0.496776285114,0.517496479151,0.483973140728,0.497743695783,0.500714925541,0.488748204904,0.498335894842,0.504703811707,0.492695000412,0.496990976205,0.510932762277,0.502774748659,0.495960790108,0.508916822029,0.501511711441,0.500192643939,0.505749596404,0.492920341718,0.495545586752,0.487421272377,0.49251106692,0.49733829686,0.498646330787,0.494308840587,0.496260530078,0.491018215041,0.494851357506,0.499590526016,0.50148225864,0.503659825069,0.503720831183,0.516866845641,0.518090289391,0.51642828467,0.507867821512,0.514115608331,0.510788934499,0.508970950487,0.508743026767,0.515866428978,0.51193825807,0.527672544535,0.513503522973,0.514148794499,0.51190120107,0.523907437027,0.530820888805,0.541041485094,0.537669576462,0.533819147196,0.535355900722,0.535405007036,0.537191511943,0.545749714854,0.532885026793,0.532225462654,0.538767025394,0.54926276159,0.544607382152,0.560450917538,0.568813040458,0.57738147544,0.587761773951,0.597671613203,0.605647193608,0.602674577176,0.605650775716,0.608273226174,0.611170304133,0.611154312473,0.612623413175,0.613984143991,0.613925499102,0.613956101632,0.613889701123,0.613754204987,0.613815401057,0.613797146863,0.60969725607,0.603415975911,0.599411114621,0.609606539574,0.611357166764,0.609913262897,0.611913092197,0.611921027787,0.613477743625,0.613430731123,0.613647772985,0.613643547989,0.609509763839,0.6095106068,0.613616889949,0.612459183766,0.61358128564,0.613568678365,0.61357441856,0.613253553307,0.613027368281,0.613322664017,0.613617333401,0.607340016151,0.609667094766,0.609699471572,0.609648730913,0.61365546964,0.613756719152,0.613847782499,0.60995184978,0.605582166093,0.613313819851,0.61304910098,0.613067655182,0.612711866628,0.610965897525,0.607571904059,0.609434806043,0.61001218996,0.60969797385,0.6111005648,0.609629670805,0.601749613667,0.606957418474,0.608123458641,0.607527642424,0.607821306187,0.607525148704,0.607086647712,0.603904274758,0.605976492914,0.605078889274,0.604434511398,0.602311360068,0.605669367675,0.603894082668,0.60778780818,0.60748948605,0.606594340552,0.604156006479,0.60195797053,0.600481755506,0.597161589626,0.59960585135,0.601903970755,0.600315920784,0.59921543287,0.602028230781,0.603205704028,0.606495132657,0.604456824798,0.60445661215,0.606004307683,0.60719825277,0.606008730093,0.607794875728,0.604174825019,0.603839520173,0.608809743438,0.608513107018,0.609150743081,0.609610688613,0.609607593893,0.607834688396,0.60813104034,0.609604448309,0.60899138966,0.609288024753,0.610180328675,0.610777104175,0.609287093467,0.610181161157,0.609010106168,0.608749272031,0.609005045377,0.611093858063,0.611094684377,0.610220489683,0.609306877545,0.605815104544,0.606112801541,0.612225027665,0.611624694392,0.611639124487,0.611288228476,0.609582569247,0.606196622868,0.609884154931,0.610479651625,0.609287870215,0.609883824894,0.609344426337,0.605844718031
0.522678802996,0.509630431162,0.509682223085,0.514229505987,0.497016108529,0.510914124008,0.502979669537,0.498715993829,0.487117547943,0.500907617728,0.505692500385,0.502989511205,0.494081233051,0.500563145794,0.502682534901,0.49123329255,0.503151819247,0.497597413634,0.498382821768,0.49667915392,0.495775575193,0.499594051954,0.498442404284,0.495004659451,0.498728600503,0.501033101318,0.501632347788,0.498390525958,0.499989996202,0.497420755269,0.499429788345,0.500094122814,0.500035881576,0.500461870664,0.499140241833,0.500483544848,0.500407959955,0.500372268571,0.499912701006,0.500228303886,0.500323762573,0.500209889508,0.50001843561,0.500236373717,0.500105356652,0.499975561173,0.499425298756,0.500073920199,0.49963921116,0.499853381727,0.499885307944,0.499786355639,0.499697038163,0.500105043396,0.500103209596,0.499831526611,0.499891994222,0.49957841101,0.499359394314,0.499370911159,0.498187518795,0.497320509374,0.499017341054,0.499149421393,0.499719133077,0.499291571602,0.499695822633,0.499196405275,0.499442060466,0.499593487245,0.49827431111,0.497512935999,0.497651118399,0.496525341227,0.498676867671,0.498900947181,0.499124669081,0.498610734058,0.498759053519,0.497819607566,0.497973198988,0.497766409041,0.497884335223,0.497885932647,0.49767096957,0.498270671262,0.498253958385,0.498178486983,0.497957586751,0.497803908915,0.497803688955,0.497825691053,0.497924736403,0.497877152111,0.497740335594,0.497737132582,0.498544277434,0.498901437475,0.499597728588,0.498823164099,0.498845858692,0.499109382478,0.499425492856,0.498261623429,0.498346527419,0.498781597899,0.499531528107,0.499096020299,0.499048706444,0.498660937315,0.499966755621,0.499450334153,0.499289545549,0.499763047674,0.500430851087,0.500135065378,0.500418348634,0.498791640902,0.498181056632,0.497580535095,0.498532251634,0.499568713044,0.499093966544,0.498395875984,0.499821202655,0.499448270525,0.49807064944,0.497899920385,0.498355536708,0.4978652152,0.49818689977,0.4990107725,0.497977974629,0.498902931064,0.49891742668,0.498703669633,0.498828193713,0.498263565808,0.498838228512,0.498590607139,0.498401714589,0.498674267141,0.498795036002,0.498788674667,0.498667760388,0.49875104418,0.498902849693,0.499028206507,0.498985032386,0.499064685203,0.498546228806,0.498338390642,0.498480798972,0.49856051509,0.498475042369,0.498871604323,0.499176481898,0.499338678512,0.499489488556,0.49920161025,0.499313026113,0.499021084818,0.498809201043,0.499214663353,0.499216300932,0.499309997144,0.499257354894,0.499154107592,0.499009971802,0.498982274217,0.499124418491,0.499174902979,0.499247631099,0.499108579352,0.499019429783,0.499028090303,0.498979183886,0.49902908618,0.498847593002,0.498898240205,0.498780441571,0.498591399006,0.499642889375,0.499505757841,0.499481190795,0.499148405847,0.499251520021,0.50043638969,0.499394121199,0.499355531305,0.499374738112,0.499418947909,0.500437313274,0.499263590896,0.499271116083,0.498675471554,0.498686255725,0.49886769028,0.498898225452,0.498867355927
0.494695693092,0.493090784973,0.511100046951,0.521525718918,0.511699132208,0.491472310963,0.497545262377,0.501572134161,0.512419285546,0.519986662149,0.494015893215,0.515890468359,0.54881936516,0.534530973583,0.531608109073,0.530328470407,0.537781059358,0.565365967102,0.564247629435,0.592541909126,0.571874193632,0.635644236854,0.620295721115,0.67473199321,0.658657583489,0.667893464404,0.678172644597,0.653193760683,0.680766789252,0.65763224486,0.679919777289,0.691658769344,0.691881258379,0.703373542837,0.709956773101,0.71697460155,0.715216023388,0.73225900431,0.737817966917,0.747360998404,0.75573998379,0.759021449163,0.762041067742,0.770002398197,0.77566733632,0.774701868101,0.776262871675,0.771985191564,0.770507862861,0.769962079633,0.772052655917,0.764209013075,0.76762745732,0.774844585635,0.773888616955,0.778383337695,0.777668599672,0.776355315907,0.768843584193,0.758855436456,0.746242759324,0.764427544845,0.776637939673,0.768402873748,0.777467914531,0.779608936715,0.781241156873,0.779157843761,0.778508683023,0.778662599459,0.776897778019,0.775608199884,0.774131659577,0.776118848775,0.773860253877,0.771272468147,0.774632537112,0.777114098012,0.779968280409,0.779866240498,0.779663914138,0.778016187461,0.773806101095,0.775857989607,0.773547113523,0.774183903116,0.77620095125,0.776001426682,0.780749732117,0.778137254901,0.774623985184,0.774780152246,0.778952873965,0.782477643698,0.785947675574,0.777979726226,0.778338104492,0.786164402452,0.781957449868,0.781057776825,0.775305844663,0.77960349146,0.780966739549,0.783732070401,0.785020525254,0.781985620451,0.781253729367,0.780539965026,0.783962705597,0.781319601983,0.781623730557,0.782853639434,0.780133269407,0.780511870813,0.78122999973,0.780950757712,0.78176632038,0.783499645608,0.781946626556,0.78238158743,0.784651747399,0.784883934277,0.782334075453,0.769688898074,0.783359354214,0.778103087763,0.777982068737,0.780480259153,0.778452401001,0.780807281537,0.781167047704,0.777808179586,0.771797132055,0.772327461302,0.774342137744,0.771936087459,0.777167110254,0.773400359382,0.767323885312,0.77219284127,0.778457144776,0.777797884092,0.775759729337,0.776229992572,0.776324904585,0.778354024248,0.776363570402,0.779900930243,0.778897970283,0.780387308961,0.780876591098,0.782373144863,0.78337091993,0.783388641218,0.780902231351,0.778936183984,0.783505633111,0.783977858029,0.784428572169,0.783098727786,0.777926291005,0.778398032053,0.780422624442,0.776404635604,0.770406090891,0.774886415989,0.771693839098,0.771090079924,0.778546056493,0.775843359111,0.779074616628,0.776884120901,0.779797636512,0.779499661242,0.776818681395,0.768249516766,0.769372927454,0.77230227952,0.780373766946,0.786443216406,0.77969758503,0.778687394062,0.779143723791,0.772791640698,0.774723156168,0.784816474815,0.784895444949,0.779875539001,0.78683881756,0.774324661897,0.786936846222,0.787937808284,0.787943716318,0.787471133648,0.787996913969,0.78801464652,0.78801464652,0.78802646822,0.788540426841,0.788564070241
0.497186588391,0.496952675737,0.486947091453,0.500995222995,0.506069341595,0.511418386655,0.504369614846,0.507570442905,0.505452901291,0.508698671185,0.511728591887,0.524719457028,0.498140140554,0.52583185295,0.526054353329,0.494997091619,0.514327859135,0.492075129111,0.494785678573,0.510214368733,0.517764181117,0.513564670209,0.529333110153,0.559278983528,0.536448023657,0.48560217047,0.531061179475,0.53611774099,0.466834407458,0.580979737847,0.528336241223,0.521299374028,0.545838288837,0.618731361322,0.703332806096,0.751245999007,0.758619546371,0.723674621282,0.816722283498,0.862931186273,0.874048037336,0.904037322724,0.907060983344,0.928808611803,0.931606979995,0.928159068834,0.936550630122,0.944704229744,0.929529030968,0.934950186455,0.931870664657,0.950909185872,0.945224192508,0.933004027165,0.936976542069,0.958158038031,0.938567706386,0.947164640957,0.948906457132,0.949279641984,0.952775870199,0.951343437258,0.951814981791,0.950265879651,0.956675892959,0.944334109711,0.937662744553,0.92496458529,0.947498387382,0.959086834851,0.944621394608,0.947365133519,0.958752631916,0.965473529061,0.964816593114,0.964831537674,0.964847311999,0.96486150532,0.964968220524,0.964965771806,0.964974715304,0.964849650192,0.964870682978,0.964829716306,0.964792223808,0.964806265513,0.964897764207,0.964827296581,0.964803403604,0.964791066279,0.964714795073,0.964737491404,0.964705571124,0.964756774103,0.964772294109,0.96471598712,0.955692313328,0.964872081912,0.964851243054,0.963220723796,0.964760737539,0.964805243997,0.964822699954,0.964802751651,0.964798592567,0.961717122451,0.961784176049,0.960183351533,0.964808507491,0.964619857,0.964580513552,0.964618863808,0.964633882371,0.964521429726,0.964448806673,0.964444446947,0.964434612935,0.945655655724,0.964453917136,0.955287864976,0.955255271996,0.964389376454,0.964382928245,0.964380337149,0.964371067327,0.964378561421,0.963067858395,0.963061823108,0.963051835159,0.964340325652,0.945536166922,0.955176501428,0.964361757254,0.964369563369,0.964372997523,0.964398728859,0.96440151128,0.964391092697,0.96438990115,0.945531312583,0.955200215622,0.964340257904,0.964319762967,0.964429248699,0.964416307264,0.950206009661,0.95725391287,0.964274725109,0.964420831147,0.964528634513,0.964790160617,0.964846505145,0.964840133815,0.964951321542,0.965228779905,0.964999260595,0.964592435064,0.965034033736,0.964145489262,0.964317406022,0.964632428584,0.964278503659,0.964246798801,0.964266105033,0.964255199175,0.964205098567,0.964225808298,0.964218550779,0.96425642377,0.964303671364,0.964330206846,0.964282165323,0.964294558937,0.964269097945,0.964225502897,0.96429921844,0.964290475593,0.964252176682,0.964262249234,0.962978372004,0.96429914291,0.964199196281,0.964236142667,0.95491803028,0.954978578355,0.964362812895,0.964402962979,0.964354710066,0.964420091002,0.964489990706,0.964676364976,0.964721150951,0.964634095244,0.964608724687,0.964373671519,0.964428481589,0.964432561298,0.964367003153,0.96432367283,0.964289396542
0.50846893279,0.514738364707,0.507390222122,0.517258215305,0.502646145546,0.505596732365,0.49738058814,0.517658900014,0.527691854015,0.504404616779,0.498725206926,0.492398537555,0.502809149438,0.51451527576,0.521444918267,0.496315118174,0.532143514355,0.493375266156,0.527713368635,0.512934005555,0.488273627767,0.492444250424,0.521372444907,0.509277776387,0.530677296402,0.477998374531,0.518514759138,0.518172505026,0.510172840603,0.540955154304,0.490907959274,0.484684930098,0.48262642277,0.496905863165,0.514926965507,0.509756546835,0.512738868349,0.491694200617,0.494525434819,0.497670120815,0.490075387498,0.503545776529,0.493914198962,0.498861733397,0.497598679246,0.497591057093,0.497685803247,0.498649328441,0.49840850168,0.496735072787,0.496873330642,0.49590275189,0.495321212358,0.497586829702,0.499271344645,0.498781672888,0.498223100235,0.499651796567,0.500598556506,0.50110291246,0.499446992525,0.497731543524,0.497212157168,0.496852272148,0.50005098938,0.496720520951,0.497364057474,0.495099165257,0.495342461399,0.497121149903,0.498084327946,0.501272200019,0.498498017325,0.500114989082,0.497892117777,0.50003123437,0.49790394703,0.499563257082,0.502218954441,0.504417630477,0.504744542589,0.509349500684,0.511796239223,0.518632201746,0.510279590586,0.507019817298,0.516113101147,0.517289139518,0.512085034075,0.517983408797,0.510923607271,0.506180310553,0.502721122021,0.500458836699,0.489545705005,0.501116257979,0.504615653409,0.505257496442,0.512490205827,0.495278223745,0.490925790924,0.50202948341,0.516133602504,0.503379306319,0.505133275016,0.497366759644,0.506224413503,0.503658631551,0.509973905026,0.511749269807,0.506570607983,0.503326901213,0.521700400282,0.521194680213,0.523256091577,0.521863748194,0.524453353028,0.519363330771,0.516117625802,0.531602832618,0.539512560565,0.539079404926,0.554488871786,0.557557870311,0.570773900009,0.566186968647,0.576975425601,0.584775159896,0.58973250757,0.591299989979,0.595398894552,0.597063381394,0.598410453746,0.603860588271,0.612704462783,0.616118268708,0.604615692365,0.611966858991,0.622169431882,0.621959236456,0.620260611995,0.627653056489,0.634795474785,0.641822642502,0.643628926262,0.642749266472,0.644042498626,0.642158226803,0.643777103935,0.641937652863,0.642317585364,0.642583538601,0.64303539028,0.643397437962,0.644004695988,0.642857204221,0.640823076753,0.642300210224,0.642826673669,0.640128727817,0.641397305554,0.642296412401,0.643180938101,0.6425196993,0.639875862859,0.636542931865,0.639036895194,0.639590286702,0.643895881665,0.645030819556,0.644393741445,0.644072017299,0.646524123696,0.646192619808,0.646290132007,0.639523454638,0.646823688819,0.646825102214,0.645582983898,0.646230008507,0.645941002503,0.641425799494,0.642046319421,0.642627821267,0.638640034597,0.649407779639,0.649077148985,0.648837445495,0.645085031589,0.644759165129,0.640973773936,0.641819417173,0.647177439089,0.648111438709,0.64783573276,0.646053164122,0.646183796462,0.649166162022,0.651976857473,0.649390144208
0.488373740384,0.51160724322,0.510787133549,0.507826797985,0.518356836826,0.516187324271,0.527440856983,0.503120536814,0.488489737641,0.496358714194,0.487554827205,0.510553654762,0.499658095511,0.498929514013,0.501859433878,0.481747585981,0.525159232447,0.539744762332,0.526090388208,0.530671972296,0.574030091518,0.541056836829,0.58530215144,0.61820427598,0.651448992849,0.722344957137,0.731740778565,0.776124976964,0.811145919463,0.821712710885,0.84068335989,0.840100396586,0.863211003056,0.871921838661,0.881269273907,0.870076298454,0.857417798104,0.886095891025,0.841130540808,0.843538923356,0.839150752621,0.843751164021,0.879307512565,0.895302466924,0.909518092395,0.900115498275,0.925092362512,0.922299876926,0.932454086124,0.941686474071,0.937118135154,0.938317990907,0.943874527221,0.942243837782,0.946792033177,0.950570719361,0.955698874925,0.946273617596,0.944510933124,0.949326952221,0.947247700345,0.940379499982,0.945433623229,0.951133181761,0.960308460526,0.960325161288,0.955288322787,0.956319759478,0.954850152259,0.95761576015,0.956141147035,0.958329507951,0.953414585028,0.961357049801,0.964739621064,0.965597952202,0.966030849199,0.96677311835,0.96440620472,0.966845309221,0.946854965538,0.967959756322,0.967766961409,0.956684886628,0.968551945464,0.959041500737,0.968622576591,0.96837916167,0.959573982842,0.968678036917,0.967896027582,0.967967606977,0.958605469851,0.955244008607,0.967686594541,0.96791561871,0.967335626655,0.966631601226,0.96689191841,0.966550979436,0.966712291419,0.96708899696,0.957937797646,0.967711307679,0.968101498579,0.968920841941,0.968434409108,0.959936817242,0.950282312125,0.952909236154,0.960493657435,0.969513229146,0.969833477902,0.969440040573,0.96986007723,0.970276223082,0.97067702017,0.971117911584,0.970701419116,0.970349724191,0.970784472432,0.970953263783,0.97077146089,0.961550757419,0.933726328245,0.940329278135,0.949669327246,0.942627121267,0.941932216189,0.951469485876,0.971106815593,0.97103400709,0.971069136719,0.971003383168,0.971001540278,0.959300258072,0.947794374029,0.968917528774,0.971032073346,0.971018322067,0.971004857801,0.971056726163,0.97104331163,0.971008949439,0.971049454082,0.971138431979,0.971174310645,0.971172666606,0.971186133637,0.971169314763,0.970985334646,0.971155951225,0.96940878887,0.971149909573,0.971149164341,0.97114844206,0.971149898098,0.952192531429,0.971152843366,0.971152085424,0.959536976803,0.971151388562,0.967875286008,0.971151388562,0.971151388562,0.971151388562,0.971152122319,0.971152122319,0.971149921049,0.97115634977,0.971155062788,0.9637781567,0.962088259382,0.962089726304,0.947457926383,0.967666950144,0.967668973676,0.96766692116,0.970442592706,0.96972794603,0.966956688419,0.962756102413,0.964814009596,0.960614729408,0.960615372842,0.964101538511,0.959009723812,0.963387597589,0.960531896544,0.964018029606,0.964018029034,0.965445947231,0.966159796409,0.962330209134,0.962330376831,0.963304098413,0.966159957609,0.965446016957,0.966159959737,0.964732138004
0.521087430631,0.528580013555,0.488907967236,0.493371566982,0.509989621857,0.4825279566,0.520940587402,0.487527102824,0.497929227882,0.510596253532,0.489375722489,0.474371858728,0.472133245746,0.493872530172,0.495409213269,0.500230843807,0.495210722368,0.492262502438,0.517822197582,0.507853567272,0.482704291273,0.510183390318,0.517847791913,0.495253651617,0.513824674806,0.499161731246,0.511754363334,0.490575961684,0.519013375413,0.563652524327,0.54322950819,0.52258930647,0.521937230134,0.533613546508,0.536008105469,0.533694014783,0.517508971715,0.497110625309,0.511194743981,0.520356734887,0.513034989488,0.549099950722,0.563625291817,0.571805057656,0.581639280684,0.600300914916,0.638303459499,0.662115467679,0.668702516188,0.680966243699,0.695092230126,0.705991822856,0.704700734215,0.72715430943,0.73020024832,0.78990562448,0.791122048862,0.799880088091,0.818524661328,0.835982638149,0.83862146935,0.875242774456,0.895430882962,0.898371167243,0.901421907839,0.900414168445,0.90214633199,0.883796104095,0.893901983639,0.923222494046,0.933873112992,0.937169114114,0.930485785347,0.932706485382,0.931138128201,0.93347935919,0.933868487176,0.916864789653,0.931480318037,0.930675347905,0.923117634712,0.928991007364,0.926759857093,0.919940797285,0.910157018329,0.905923630476,0.911721853354,0.907212540516,0.912153487235,0.916908482591,0.90978488702,0.924210096433,0.916563011194,0.909542713191,0.904788268347,0.913373701502,0.905632501536,0.885395228428,0.898825912469,0.911330427154,0.912700358837,0.908113723793,0.903674601661,0.909322012671,0.906282892351,0.927643450929,0.921915378328,0.923445527577,0.926118175483,0.927656616429,0.928513435609,0.926653291405,0.928391942841,0.925612036271,0.927371833305,0.924897655983,0.923343071029,0.930535599801,0.933898210395,0.946206371416,0.946790711718,0.943972736081,0.946591453251,0.946691795803,0.942994892238,0.94229801458,0.942644577381,0.942760139259,0.943164562837,0.943106832306,0.943164592373,0.934616494048,0.909944684325,0.918427435746,0.926184731575,0.927206185355,0.943395750466,0.943337921623,0.943395681535,0.943280220056,0.942730460391,0.9416429431,0.942672513819,0.940496911224,0.940164506652,0.940887587218,0.939370355025,0.941604059251,0.940881317238,0.939276758483,0.939768055136,0.939826253679,0.9410979616,0.933051357832,0.932602871603,0.940361981703,0.940316453818,0.940534375277,0.940650534867,0.93943601515,0.93745314127,0.939449666536,0.938568030315,0.938177223316,0.938451387197,0.937213082867,0.935305715837,0.936490571669,0.936503665846,0.940243055614,0.93924534783,0.938854631461,0.938681946643,0.937900846032,0.938348532639,0.938740200611,0.939723717813,0.939665405907,0.941053814093,0.939333023387,0.939275258559,0.939376024617,0.940591694621,0.941820458511,0.941776900687,0.94205207497,0.941169344034,0.941247302576,0.937238330013,0.937101228969,0.942933692287,0.942644867384,0.942413807478,0.942471572435,0.942298277608,0.935141930574,0.941941549073,0.929200984604,0.942213561769,0.942155796744
0.487197285831,0.505574524275,0.492424565315,0.494159609636,0.500110542003,0.507017752196,0.494223493312,0.505984395525,0.483281757435,0.49116248486,0.517942260399,0.494342847546,0.54451089223,0.505590287925,0.530922117151,0.498263983525,0.509519783525,0.526697732534,0.539452483175,0.521420964794,0.56836624214,0.578986729893,0.578114666421,0.545155753279,0.5833831907,0.584151741603,0.562481967099,0.621452746104,0.575959604372,0.583407547919,0.625556732138,0.607620835155,0.654939332822,0.681673753277,0.731260265095,0.870705682517,0.899442465342,0.890838971918,0.903791974635,0.930789533352,0.916518608697,0.934260467241,0.939299802802,0.95313062804,0.954987017941,0.961278523835,0.96398504613,0.976064285483,0.97122675602,0.971811819043,0.955431715588,0.976490502661,0.977220811861,0.978182778772,0.974658375092,0.97233735919,0.974529487007,0.978153565138,0.973315444701,0.977527789347,0.962358433271,0.956470423603,0.977780665121,0.978910432408,0.966957128402,0.976478123044,0.972178273251,0.967108740082,0.97471579392,0.976787834072,0.976135586067,0.977792747847,0.977095132413,0.976460812878,0.976159943872,0.975989928035,0.959118268755,0.977482154413,0.977964919897,0.960416844291,0.953194840713,0.963810972516,0.974468156931,0.974456364446,0.974506562399,0.972338266422,0.976055981222,0.974120818914,0.972475725487,0.972379268151,0.958964595319,0.970210008865,0.971473496263,0.971997206944,0.963398342893,0.953565476277,0.971593357069,0.969995271352,0.971833581593,0.971662416362,0.973460375095,0.978822601697,0.978483571364,0.979964937571,0.977733226955,0.980185017332,0.981943378129,0.983874337227,0.981276753137,0.982659805625,0.979165341585,0.977338498502,0.978137717661,0.978064502457,0.980585128756,0.979890758366,0.980552658738,0.978964532667,0.981808223724,0.982403084005,0.982321708602,0.982081090202,0.982429393472,0.981648457628,0.963546908343,0.982550267539,0.982196834681,0.982179675924,0.983096825833,0.982596145933,0.982244812325,0.982472632106,0.983241054022,0.984586167487,0.984902421849,0.984930352897,0.984472626507,0.984524936595,0.985286321387,0.985284929887,0.985799707246,0.986198163297,0.979521656656,0.979851344808,0.978140989716,0.986922770923,0.986831262394,0.986594345384,0.986912545191,0.987147408365,0.98722634792,0.987309387837,0.987318416353,0.987325263737,0.987254614628,0.987324470053,0.987403917847,0.987489111388,0.987503086569,0.987581566512,0.987570465542,0.987478610226,0.987417550502,0.98746816501,0.987388201182,0.987389083761,0.987573408638,0.987585577084,0.98757446155,0.97798019421,0.977982632499,0.956266327833,0.977955325246,0.974566674579,0.987561183711,0.987540117767,0.987537948252,0.980652316493,0.98065056726,0.987300340247,0.986829551312,0.986358145939,0.986122380808,0.985416837413,0.985417197825,0.986123306362,0.983633988999,0.986359599392,0.985654135677,0.985654828371,0.985890181961,0.978501652889,0.978750910772,0.986114527582,0.986123213723,0.986592650966,0.986826590511,0.973445633306,0.980421424977,0.974016154481
0.513570861216,0.515092516828,0.535189931394,0.489486851372,0.493655617866,0.487901943971,0.494036206347,0.490715889473,0.509730689672,0.514140158063,0.50492450202,0.474839024371,0.499084222906,0.508571534038,0.52436873935,0.496585474167,0.553893644374,0.545494643052,0.514133510097,0.586150210877,0.629509698307,0.581049622355,0.675681364013,0.63551394042,0.667352242,0.710622441087,0.702094882844,0.683626421776,0.685478766227,0.831429553493,0.834711864857,0.840129118331,0.865847066837,0.898417041843,0.906262394559,0.861665945997,0.898099949608,0.90810081064,0.895029510548,0.913646335435,0.910940939087,0.902831692186,0.926599324358,0.912204716443,0.914977146092,0.91406786484,0.928545515534,0.929609805899,0.92327573378,0.925197779022,0.924488083845,0.925356488985,0.925466389695,0.927200739274,0.936050284407,0.935832514607,0.929086543749,0.938418420592,0.942171440204,0.945109453579,0.949951487994,0.952432763825,0.952683321525,0.949111223581,0.954033950851,0.958046219381,0.957343572201,0.952367689344,0.955921784277,0.956768004988,0.957322365507,0.956882884513,0.958297696101,0.958640389663,0.958141215153,0.958852095129,0.96125888793,0.960351979749,0.962361766341,0.960156961783,0.959788977505,0.961413380667,0.957679117169,0.959256218419,0.962758797124,0.964250710192,0.963743620277,0.957420961667,0.947532308358,0.957445585041,0.967343486001,0.95757021774,0.967504403606,0.96781411217,0.96781990349,0.9677462321,0.966185343452,0.96732673239,0.968186963484,0.957625676078,0.967616857525,0.966962951745,0.966527275977,0.96690143218,0.967204906336,0.967349896535,0.96724098121,0.966387443003,0.965819040139,0.966731163129,0.966148664704,0.956501017951,0.956534124471,0.966089972863,0.965157561907,0.965497749946,0.964183914197,0.961849370889,0.956365376359,0.957009846984,0.962465277303,0.949597245325,0.963247712558,0.95588296576,0.966456335048,0.95745571636,0.967925029131,0.967700343156,0.960100140182,0.967108050342,0.966370976904,0.946408665441,0.964891727595,0.964364287217,0.965241072062,0.965476881562,0.96489472878,0.965332507103,0.955484032615,0.964310387146,0.964350777072,0.964042822503,0.96426982407,0.964124969284,0.963873054622,0.964015711606,0.96342949176,0.962992193764,0.963116544865,0.962613329146,0.962548025197,0.962507016322,0.96244528283,0.962330601218,0.962319841024,0.962433344111,0.96257830195,0.962350650203,0.943554868878,0.960691055002,0.957414905374,0.957294749915,0.94958088236,0.960688034536,0.960573605233,0.962445091323,0.962561052831,0.962561156226,0.962561156226,0.962560949437,0.962444646179,0.962444762497,0.962328594199,0.96232927682,0.961594974309,0.961594498478,0.962603530142,0.962575102609,0.962574999214,0.962506931077,0.962520660462,0.962506903884,0.962479718612,0.962452502378,0.962452544378,0.962398264297,0.96237109841,0.962343932523,0.962384853641,0.960949808916,0.960954544273,0.96100414069,0.959895023388,0.948814354844,0.959404430366,0.937322897262,0.940075927159,0.9413683015,0.957340942831,0.954333972927
0.507606632122,0.494663287456,0.498110337463,0.478947638509,0.501621627377,0.478261123741,0.480079914133,0.51645308144,0.483334674186,0.518678360147,0.490696650364,0.499156431951,0.479201878395,0.515082935473,0.493324854391,0.498826034207,0.511623151705,0.524158791926,0.508534067204,0.477190088708,0.492500079275,0.513076231388,0.504798149174,0.504367118259,0.49762569871,0.509932826929,0.467244684243,0.513314237336,0.552064266063,0.522571642292,0.57062021271,0.547053901712,0.553141907716,0.621018519004,0.616802301797,0.69204039987,0.77376343154,0.87291672498,0.874120276868,0.871217939307,0.883996870008,0.876711618585,0.8909743795,0.906206743182,0.89825478534,0.899131332779,0.89513448022,0.892941422618,0.897723645763,0.905478531788,0.905636970747,0.907030687676,0.907185385698,0.912681232108,0.917551998983,0.921636108153,0.911900937624,0.923051791216,0.918032632541,0.931730223325,0.931892273953,0.932700140606,0.924973270035,0.923008235847,0.908854136476,0.922380634238,0.928672970422,0.922342951923,0.902195235355,0.922382174536,0.904522559119,0.920455465896,0.90967753417,0.920457341259,0.919609711176,0.929334042703,0.929728115725,0.929789460163,0.928758402749,0.92927068561,0.928449981603,0.924765444748,0.923599231534,0.923634330239,0.924258207616,0.924773950583,0.924458747731,0.926927252935,0.927345840663,0.926514622021,0.926188446588,0.926810740099,0.925791698316,0.924318151554,0.922379759132,0.921946810781,0.92148847808,0.919675890513,0.91555775766,0.915488533883,0.911650150813,0.916480480766,0.912035293585,0.900263489997,0.918176730468,0.897872260015,0.90739368909,0.918006410951,0.92404482797,0.922583668354,0.920981336702,0.92219005317,0.922658667711,0.921798499564,0.921197146958,0.912756772857,0.920924964373,0.920282713047,0.920330587313,0.920282932787,0.92035378754,0.92049530718,0.920587643754,0.920659140318,0.920770627429,0.920729807335,0.920731069187,0.920729234598,0.92113191622,0.920729079718,0.920729028256,0.920728905188,0.920728698837,0.921191231291,0.920740528949,0.920593146246,0.909706280653,0.919026905973,0.920156427861,0.919625846569,0.919813250391,0.9201349958,0.919591707296,0.919561136284,0.91958237864,0.919094419794,0.919646441139,0.920729214476,0.92072904977,0.920729132123,0.920728843888,0.920728720354,0.920728658588,0.920728720354,0.920728432113,0.92072822623,0.920728061514,0.912211051811,0.90369396023,0.912210990047,0.920727814438,0.920727443808,0.920727032019,0.920727052603,0.920727237921,0.920726661375,0.920727196743,0.920727443837,0.920727670346,0.920733085928,0.920727979172,0.920706925992,0.92072837035,0.920728535056,0.920728329174,0.920728205644,0.914393495489,0.920728432115,0.920728370346,0.902321109572,0.92019759589,0.918605684279,0.919667047895,0.919134157709,0.919662469373,0.920197434106,0.92032432548,0.920599813477,0.921129661138,0.921130114417,0.921130732399,0.92072802035,0.920727896821,0.920727855644,0.920727649761,0.920727608585,0.920727608585,0.920727608585,0.920727608585,0.920727608585
0.497205300395,0.492834372311,0.490501233314,0.518998825609,0.541852271609,0.515781576377,0.484112403139,0.493852125747,0.495150976645,0.532481634684,0.532633071866,0.544230905301,0.505780348416,0.527522358337,0.525162213253,0.545048600111,0.526743734295,0.504174075818,0.531017869787,0.547596843282,0.61374803516,0.65892200487,0.738065432216,0.77532397921,0.802075579123,0.813971611748,0.82914603116,0.841299711227,0.852544081079,0.864842267379,0.890987497791,0.875079569419,0.858736987183,0.870087140725,0.864701369076,0.871087991939,0.873484991938,0.876839469902,0.890036865101,0.887245089703,0.8796931206,0.87475104397,0.885449863576,0.90753313428,0.898159157241,0.893039376937,0.880588121795,0.878961426897,0.901921803777,0.89637372046,0.883610697567,0.879873083517,0.896331376555,0.893931386095,0.89357521641,0.886812712645,0.873833394238,0.867231836416,0.873344381108,0.868390539302,0.866345240911,0.877451184183,0.882539804548,0.87473096164,0.873603673064,0.882774844293,0.87650081514,0.875394986883,0.881727701178,0.878282254344,0.890200917052,0.880078422091,0.895305642354,0.89699718423,0.891540368464,0.894858066004,0.89861461812,0.892776577586,0.90813727891,0.900503084036,0.92204105816,0.916864120132,0.917784116339,0.924920499363,0.927675444571,0.926265557715,0.936296617772,0.936669016739,0.936661583028,0.933573412701,0.921483636467,0.921197643609,0.947480784206,0.950926620756,0.943742213006,0.944114190909,0.953038881098,0.947096062987,0.952792611901,0.952235318554,0.935442026544,0.953533235376,0.956887657241,0.95803838938,0.95823912195,0.956178338308,0.956866138503,0.959025161723,0.961841436436,0.95229229356,0.962710768953,0.962709218005,0.964402603626,0.966065304811,0.966380816723,0.964963633512,0.964985316303,0.965232088752,0.964127207791,0.96673623882,0.966990096515,0.967020516579,0.96740223222,0.967719045319,0.960515453557,0.96088932724,0.94218164748,0.96888009122,0.969194695416,0.969528736205,0.969518517124,0.969451135189,0.969467050336,0.969465654027,0.968768479433,0.969428486168,0.966406035382,0.96944030099,0.959579830786,0.959628806289,0.969428883042,0.969407026083,0.96095355626,0.96098052773,0.943966582075,0.96064474686,0.969550071662,0.969639613977,0.969558838389,0.966472116565,0.966421083777,0.960178067795,0.960276191656,0.969344945419,0.950651132243,0.963946662663,0.958637390058,0.963892305987,0.954492431396,0.969357946578,0.969438751986,0.969459513971,0.969448649389,0.969489237665,0.945295930947,0.969469374292,0.96941116137,0.969430620411,0.969413335105,0.963989925355,0.969444869025,0.96945615821,0.969413210746,0.969388169303,0.969449068596,0.969492747038,0.9695052121,0.969547796475,0.969564998886,0.969596310497,0.969638517099,0.969647087716,0.969662654612,0.96965651378,0.960344924621,0.969680999663,0.96973390217,0.960364771401,0.964329156455,0.969723329629,0.969720904105,0.969725440234,0.969754720346,0.969704911202,0.969586848737,0.969465219243,0.969256172935,0.969149353366,0.967345142821,0.966784790932
0.497009127786,0.478825307097,0.471199489871,0.503354765059,0.501595904441,0.494072678088,0.496267889759,0.495028319009,0.512174364351,0.509413063504,0.512294952369,0.516216780737,0.513585647421,0.50599967205,0.522445923104,0.494290805256,0.496704552071,0.477106229751,0.51001740036,0.520047709883,0.497627057632,0.523448077531,0.555176028552,0.517114087841,0.570072312491,0.592905264293,0.607755128076,0.656641806038,0.686615356612,0.697175082083,0.713508778229,0.763023398886,0.823370370136,0.850536637307,0.833999133797,0.892535364915,0.915242491382,0.930190415302,0.939334632617,0.940064691067,0.938295130467,0.93989154802,0.939805783471,0.936000175694,0.932369422473,0.936994458006,0.947535745692,0.93956486679,0.947304076166,0.942368394947,0.950780252284,0.957700267187,0.954856146306,0.956288000259,0.937232411537,0.933527628122,0.937710227866,0.963310409663,0.966746657618,0.963383037198,0.967975538134,0.966272911175,0.963895134374,0.936275085289,0.941377765775,0.962424699436,0.960652706553,0.929012179985,0.969286988545,0.980409983658,0.979139345615,0.980956373924,0.982739500651,0.967878913029,0.984036049316,0.984296131929,0.984096616178,0.967576039512,0.9888414398,0.989055809399,0.988947853304,0.987678406609,0.988866978309,0.98875888036,0.988332033277,0.987234165956,0.985239934212,0.986147665582,0.985733041374,0.987525750351,0.987594143856,0.987189563561,0.988090454038,0.988012052492,0.987951058447,0.987408317766,0.987642787486,0.987771498829,0.978792957829,0.978678374303,0.969967055225,0.979544874472,0.980027956469,0.98004532398,0.970969510553,0.980141265879,0.989267422119,0.989253875785,0.989241807709,0.989259779574,0.969606335142,0.989214492796,0.9892175413,0.989193218815,0.989217403214,0.989339075184,0.989345162157,0.989845098735,0.989515707856,0.98997819908,0.989834851131,0.989968700418,0.980431673733,0.980995669615,0.990147304608,0.989980218435,0.990122865349,0.989545838267,0.989226028072,0.989219591086,0.989206315919,0.989236643347,0.989383300047,0.989365470091,0.989498962892,0.980087482914,0.989214791714,0.989196229664,0.989195804781,0.989190198344,0.989148063229,0.989135269012,0.989165561759,0.989468080811,0.989468518716,0.989669139844,0.98967701307,0.989595528221,0.98951750716,0.989455566196,0.989558794651,0.989378168946,0.989336477368,0.989336103544,0.989336454598,0.989359170495,0.989393432888,0.989426154936,0.98956861249,0.989466702491,0.989538971768,0.989449000471,0.989358516924,0.989402498264,0.989448525357,0.989522160898,0.988552584368,0.988448707692,0.988514152025,0.987377869994,0.987216412608,0.986160961383,0.986258082459,0.989944456979,0.989835059082,0.990156004257,0.990229025952,0.990464428315,0.978597782317,0.978513046018,0.978058281169,0.988900602867,0.989336503694,0.98972095376,0.98957882622,0.989660440596,0.989605846969,0.989833125747,0.989781090746,0.989751260057,0.990014031366,0.962597869374,0.972215023658,0.972311504069,0.990085793159,0.990074611766,0.990003688504,0.989989131586,0.990193076454,0.990095231839
0.507575567763,0.507290675363,0.500413237678,0.488556134515,0.509902690076,0.502811122884,0.504537800527,0.50057995174,0.508027185639,0.523482771375,0.49526859394,0.518408021821,0.507422605036,0.52059314694,0.499465484484,0.483721702336,0.510778944277,0.524456345374,0.510583817749,0.516181940741,0.533652796693,0.537996521525,0.516241121749,0.495542774811,0.47785812938,0.510201505216,0.486633837381,0.499081596219,0.494236640634,0.538588580877,0.519504662336,0.510343410112,0.487277427117,0.522861785629,0.538675485367,0.524799693361,0.520003992313,0.548570580215,0.611346123825,0.611431500316,0.624945567151,0.652800654881,0.657247826273,0.701457598369,0.668122279961,0.750586700348,0.772127105117,0.824961714224,0.844596766629,0.81118519258,0.835797986775,0.858399215719,0.845716669435,0.842778822551,0.850672119933,0.83258346855,0.830159354134,0.8493775279,0.86880051553,0.856917759133,0.848762716176,0.886806951243,0.897236759645,0.899403717259,0.900133442233,0.900766759082,0.901419378876,0.901700788989,0.886046662922,0.901987529279,0.901815476894,0.902585512268,0.903274958636,0.902476488461,0.902556550775,0.894753786827,0.894950440772,0.894885145533,0.902631731657,0.902488057666,0.902472271619,0.902605298754,0.902723912517,0.90258859088,0.893333501173,0.902841837682,0.885791111237,0.870365609914,0.898661757024,0.899445533526,0.902755503809,0.89545652553,0.90238654153,0.902331298067,0.90247665394,0.902672150493,0.894535658304,0.902713204872,0.902777310185,0.902783461355,0.902707039528,0.902694246075,0.887620069796,0.902678631292,0.902911822824,0.902986927048,0.899690292046,0.892386830861,0.863906059535,0.88755251556,0.880361365656,0.89450261348,0.901453539595,0.901282963741,0.901522633415,0.900651140723,0.901016251239,0.883544195415,0.900597854824,0.884891008028,0.902098686328,0.902363178982,0.902208784162,0.902454900989,0.888828163379,0.902260076332,0.902172686134,0.901999627648,0.901723717483,0.901739031175,0.894889577751,0.88100200208,0.901888827706,0.901031684347,0.901085652581,0.901046237164,0.901268265543,0.901288101277,0.885940531953,0.901636557874,0.901619504,0.885554341487,0.899976977847,0.900980358069,0.901196966077,0.902087700542,0.901233242137,0.901379071662,0.90132518627,0.901066598646,0.900566708705,0.899737476273,0.899326840213,0.884559001153,0.899939233817,0.90053069259,0.900696732506,0.900696732506,0.900696732506,0.901028812336,0.901084158975,0.901083719972,0.90113906661,0.901415799802,0.901602472768,0.900853101649,0.900139378598,0.901362487604,0.901118485867,0.902032457881,0.901707618784,0.901585864236,0.901641938978,0.901578210136,0.901647448329,0.880520767924,0.878169640323,0.894092246969,0.88641678586,0.894461529561,0.9021681097,0.902053055708,0.886501030337,0.887157196055,0.894547234361,0.89446003646,0.901789530744,0.901472148211,0.901090208966,0.900670636415,0.900712019047,0.893022189131,0.900823228164,0.900308602124,0.887087035964,0.900488307568,0.900500664697,0.900444726356,0.900407435055,0.900463957407
0.488802319739,0.507722873923,0.498032484683,0.492493757422,0.480590534794,0.506801808186,0.495058289017,0.501840122205,0.506621231396,0.510800758694,0.493390493876,0.509393538141,0.484374264292,0.500976082238,0.508586047587,0.478930382541,0.494160408482,0.500173766663,0.515125318777,0.501433612555,0.521210056873,0.489670797232,0.50544994255,0.493848832649,0.522280988988,0.495720426002,0.485702599981,0.496686345103,0.49181470075,0.492914916202,0.51110989632,0.471590070829,0.506168219433,0.508403764146,0.503568548765,0.499073760618,0.492841283021,0.482001413772,0.52101733145,0.518185887563,0.495181760401,0.508837159137,0.52067042405,0.542717498358,0.573134334302,0.57394038512,0.585794540208,0.585580575351,0.616833061882,0.643839284231,0.63909840514,0.62176833412,0.624175006806,0.634167013293,0.670434808598,0.693471482933,0.709732300836,0.702753802954,0.727243288552,0.711488879563,0.712208201309,0.728668372479,0.727338691799,0.750526903519,0.759093142086,0.762879557409,0.760592096458,0.767340299842,0.763752637252,0.768339961955,0.763318834683,0.771504930379,0.764592634799,0.769880750356,0.769037227943,0.77389592104,0.772497693878,0.764455698377,0.773455251305,0.770682613458,0.769258290191,0.776382011002,0.774807333272,0.770308077425,0.767857816437,0.772949630263,0.773056810362,0.773495650633,0.772790943181,0.77199839526,0.769029563898,0.768331548386,0.768278384607,0.768285252172,0.759323318852,0.753652180014,0.753631459066,0.768219180741,0.762053114651,0.768971093959,0.769698409943,0.769706745277,0.768959717415,0.768979781888,0.768271690078,0.766497549244,0.759066028233,0.76082166503,0.762564289003,0.768272516441,0.768296171038,0.768273309171,0.768284868184,0.768263312892,0.768262054827,0.768261396905,0.768272610886,0.768291780584,0.768282502829,0.768241049041,0.768226596261,0.768219013837,0.761705335972,0.766557158332,0.761740934318,0.755191261337,0.760934157456,0.760928589587,0.760060645242,0.764817401731,0.766569916699,0.765681876012,0.764837298594,0.765720379625,0.766560704555,0.766167961551,0.759436367696,0.762498984241,0.763886076651,0.763207653462,0.758643861588,0.759392826115,0.756775865392,0.766031506412,0.766256329338,0.760996682431,0.763950352543,0.759522960228,0.758975218971,0.760294897886,0.760400440165,0.765170246402,0.763989392825,0.76434663406,0.77056654478,0.770795175393,0.769595899643,0.768414369882,0.767192664447,0.767048853596,0.767058564088,0.764949807951,0.767579330458,0.767100913377,0.767205152866,0.768868848223,0.769932008704,0.770419585897,0.770635755169,0.770426041862,0.770206310586,0.770588953444,0.770503554538,0.771332960258,0.770716405356,0.770035933043,0.758231751849,0.748935881503,0.759224118005,0.769674770756,0.769802481363,0.770314878512,0.770657319264,0.757295102218,0.770643750856,0.770902061964,0.764634619427,0.764660625327,0.770711732772,0.766208976271,0.766461089151,0.771594076294,0.771900142456,0.771385288239,0.770529202311,0.770624518364,0.770501337315,0.771010066683,0.771315310391,0.772016721847
0.511162385524,0.500441373069,0.522378912054,0.476486138003,0.500314809062,0.499036513671,0.502453057388,0.512434463337,0.519754567772,0.499376177562,0.497060054586,0.509907208402,0.512741349392,0.523276668996,0.477314070484,0.482421385633,0.487244759207,0.53478162647,0.578328641186,0.514103156842,0.510481099998,0.523323195584,0.560190372234,0.515588485861,0.598185996378,0.597895725188,0.545948288399,0.570501829594,0.53892316817,0.611135517478,0.592166508459,0.610164079007,0.679779081041,0.678996922489,0.771925151922,0.746365297076,0.7952635268,0.853519480565,0.872603263246,0.914292702717,0.907373496294,0.903624210279,0.894699296108,0.924009034186,0.921383555581,0.924513320245,0.926916227174,0.922666088498,0.924730010635,0.923202220776,0.929948812772,0.923187998482,0.917037348986,0.923463784429,0.920599888731,0.929708141279,0.931731301437,0.930270936351,0.926802855032,0.909888348577,0.926021164558,0.927761365647,0.92928802627,0.924125403238,0.917802067644,0.915255987291,0.911701562295,0.920849701213,0.927815549482,0.928049506228,0.929261240471,0.931068714018,0.930034319378,0.931207201391,0.935427121668,0.935372450608,0.935841052673,0.936371488625,0.935150790504,0.934985774496,0.934914668944,0.936267186999,0.938643936014,0.921248675449,0.936629880771,0.936983796154,0.939052459073,0.939916743739,0.938220075087,0.939300567403,0.938233057147,0.939468740012,0.940286687767,0.940209545262,0.940746865604,0.940223636947,0.940368941342,0.94058172786,0.940714315005,0.922762607626,0.934103345593,0.926461886346,0.941780160374,0.941856252777,0.941366773712,0.940796318392,0.940881888481,0.940485563342,0.940406880727,0.939917196384,0.939753992417,0.939753900865,0.930092396164,0.939836830166,0.939758190997,0.931056530691,0.932146464621,0.922836532456,0.932654631665,0.918412135253,0.932594507363,0.932723785694,0.93977278558,0.939788613398,0.9397822001,0.939794785956,0.939813795643,0.939813709098,0.939835762033,0.939832661061,0.939829499055,0.939829498489,0.939807462798,0.939798008997,0.939810683006,0.939813631957,0.939816579775,0.939819742347,0.939819742914,0.936024594291,0.939819892657,0.939807248021,0.93978815846,0.923498168057,0.915066497857,0.913844067753,0.927542389496,0.932144365079,0.935911474648,0.93594876818,0.92831843714,0.939737364085,0.939746848403,0.939737364085,0.93974057538,0.935936222133,0.935948387931,0.939755223701,0.9397373239,0.939736934587,0.93973685347,0.939733153009,0.939735245049,0.939749233928,0.938624540215,0.938624775444,0.939746839793,0.939737278086,0.939734028968,0.939755059077,0.939798379211,0.939725217315,0.939727123276,0.930831593034,0.92193805277,0.904148306284,0.913045423961,0.920936394742,0.93972050493,0.939720305084,0.939721138789,0.939720893677,0.939717909819,0.939717809967,0.939718298991,0.939683587734,0.939608632492,0.928183256715,0.930610279015,0.939282968578,0.939148819277,0.935315821843,0.93888560931,0.938919000165,0.939218719502,0.939111270647,0.93903916019,0.938942011821,0.938932478288,0.938734516253
0.494391547692,0.501721992251,0.484148053996,0.505056648079,0.501432113989,0.496209590507,0.51666428704,0.496585039725,0.489181206213,0.493481589671,0.503982974646,0.507271360021,0.485713764896,0.501531511834,0.488568406362,0.490461805532,0.508530770543,0.534797163885,0.521031724103,0.514253769323,0.503487922417,0.514461699951,0.512049839939,0.494682099353,0.516085056523,0.50391287325,0.504380512002,0.515533795194,0.501930755424,0.517584837097,0.50696240192,0.512329050823,0.504802219685,0.513663431231,0.506651921574,0.500026262397,0.495628257728,0.507129723783,0.507671376594,0.501268592131,0.50127442232,0.507600325319,0.49287255311,0.510797923228,0.519961026886,0.517727332357,0.524753900718,0.541593389106,0.546133921375,0.522294300041,0.537144317541,0.545999306225,0.539878439727,0.549465672236,0.532529901007,0.536226202631,0.551280799814,0.55283910035,0.557336566771,0.559938851747,0.566148782836,0.565344476062,0.572654317491,0.577611775443,0.580506254219,0.580198714936,0.579599164526,0.580104360963,0.580206203834,0.579897252824,0.578981765525,0.577424974774,0.578954628253,0.580521274109,0.582086456041,0.583030734774,0.583044246486,0.58304022152,0.581209508328,0.579367932659,0.579360640769,0.581196432794,0.583051975055,0.583042493181,0.582764273497,0.582769266925,0.583041186868,0.583023163539,0.583004925219,0.58165829949,0.58164987695,0.583005509854,0.582997457455,0.582982229683,0.579466959555,0.582180396786,0.581387062744,0.578203473721,0.578233637336,0.5846381003,0.584652446437,0.58462661657,0.584639251176,0.58633961072,0.58969811834,0.591351544881,0.596321879372,0.599685747342,0.601321032918,0.596347803833,0.596247717429,0.602982535137,0.601294630544,0.602964211504,0.601458754632,0.609773676564,0.604732039131,0.601426232369,0.608162426367,0.608265507945,0.603227999474,0.603219391688,0.606151835864,0.597305559798,0.599995440005,0.604313888689,0.608317715234,0.616211341101,0.622357178792,0.618957910173,0.604910877142,0.613926445708,0.603645593504,0.61012520234,0.608047937501,0.61052297326,0.62745872902,0.622114322124,0.633330080985,0.632653756786,0.629624301609,0.627911591353,0.626321330252,0.622168476805,0.614670778078,0.62565502329,0.628499446397,0.64302724647,0.64140850585,0.633809428479,0.64285386588,0.647456325053,0.652313006194,0.658302435405,0.660351681786,0.664454644671,0.665960969339,0.664567329126,0.665015955017,0.665503141731,0.666580729073,0.666002810527,0.663057781868,0.662678963181,0.665762228286,0.665173773586,0.665214300096,0.664720380412,0.664711652857,0.665198308656,0.665161532519,0.664651393544,0.663187403281,0.656864534477,0.655826192871,0.657716324302,0.652627636842,0.655612518212,0.655536246813,0.655560121652,0.665612706207,0.665694022499,0.665834392403,0.665810035474,0.665929201845,0.665951930266,0.665992242789,0.665992904131,0.665178377183,0.665985400833,0.665954910937,0.665611094906,0.665667744433,0.662617364014,0.662979143139,0.662969299022,0.666336202712,0.666302735624,0.66623149483,0.666033511264
0.479216672214,0.479095582609,0.508627105063,0.522994817004,0.520112435659,0.498288799,0.499934871562,0.495932799095,0.506727689008,0.497833071881,0.491599808185,0.494799062709,0.498159679608,0.513719222019,0.490965740579,0.507396479908,0.491127054583,0.498433807349,0.494189165096,0.519745444172,0.528091688674,0.50192882848,0.53058505368,0.5207096379,0.511577636866,0.515979596662,0.499062385231,0.510005678211,0.52477519535,0.537675760112,0.565452642177,0.575969067423,0.567411776278,0.60239548445,0.640357748925,0.646943467379,0.672395031064,0.674256721437,0.686344737438,0.681166899008,0.704549064292,0.721730996711,0.729410482698,0.73121353085,0.744501091568,0.747538704773,0.757288914808,0.764242019993,0.764565424404,0.770031114224,0.77167999761,0.770574561408,0.774964309117,0.779290586898,0.779349838102,0.779709254402,0.780213512277,0.780249495579,0.778621539,0.778642040656,0.780310456847,0.780294345542,0.780678873299,0.781031599572,0.773910899151,0.781387594278,0.78148892342,0.781547296056,0.781615563347,0.781629998656,0.781764691061,0.781990382828,0.776036856241,0.769917701411,0.782139350675,0.78218236802,0.782146144823,0.776502506522,0.782217954967,0.782247868282,0.782609496217,0.780935102943,0.782496279987,0.782493671909,0.782547890411,0.782416208561,0.77520379383,0.782370667747,0.782443956789,0.782119674295,0.77472546587,0.767160642522,0.774507484008,0.774483705083,0.774517061356,0.781756221604,0.781780631202,0.7817410816,0.78040586216,0.780482741099,0.781920212215,0.781609147584,0.781700417838,0.781568810902,0.78149008892,0.781383932386,0.7756684788,0.781369967163,0.781354117102,0.781404380816,0.78141876972,0.781494223203,0.781360018025,0.781376192378,0.781109658529,0.781214080482,0.781259806513,0.78154213099,0.781458101803,0.781390281412,0.780021795935,0.781911925957,0.781864110097,0.781887433474,0.782067602931,0.782187314464,0.782074055481,0.782001124861,0.781977705765,0.781893510612,0.770589898868,0.781977189176,0.781904619197,0.78186752191,0.781922064474,0.781949106993,0.781773434664,0.781740865579,0.776170521326,0.776202812922,0.781586851118,0.774545647434,0.774568914731,0.781776319121,0.771933859083,0.771861772732,0.781836442471,0.781892067767,0.781939075154,0.78195673865,0.781942172506,0.774741188649,0.767358240972,0.781855928975,0.781805750194,0.781921213104,0.782030519537,0.781944858939,0.781823672681,0.781847728375,0.781831731246,0.781860041248,0.782106175678,0.782184903,0.782146777227,0.782053939489,0.782026514521,0.782026961842,0.781989285367,0.781767160263,0.781472072077,0.78146017141,0.781606857373,0.781565892684,0.781701075776,0.781685152805,0.778505908614,0.781589443465,0.781569989583,0.781827014181,0.781895117793,0.782050141627,0.78193363716,0.78192197165,0.774772798428,0.768138375739,0.775203156741,0.774909661625,0.782013832106,0.782130726823,0.779395499423,0.779387887974,0.779259434141,0.782158573248,0.782290886197,0.782160686205,0.782221726439,0.782070553325,0.782272691154,0.782144363877
0.50324241821,0.494985588561,0.506340049517,0.496036173069,0.497808849745,0.491254070033,0.504632941163,0.506075428395,0.483383498221,0.489857504032,0.507496739463,0.491525640782,0.521375751731,0.503077879067,0.51972135096,0.549561606177,0.528203484316,0.524586574985,0.552302178111,0.51560237958,0.508262442171,0.51996225751,0.492108711523,0.530800124191,0.540503837075,0.519102954117,0.555376532084,0.539593910542,0.580465041734,0.607055931406,0.610840290117,0.686954028788,0.712733604832,0.729511915846,0.666908816848,0.677286909741,0.748095231654,0.820024334891,0.796091191014,0.85265894633,0.884082145408,0.924308958255,0.936416363164,0.94448599495,0.967366474266,0.962872058104,0.963487896667,0.965308540258,0.958965473912,0.956272905593,0.948148735643,0.955080650763,0.948934917309,0.964918860431,0.960918679152,0.953464822646,0.949864970299,0.955521569179,0.954921884084,0.958512880216,0.969628151874,0.975736167639,0.96796922114,0.978002028785,0.978435187574,0.982805043934,0.977531292403,0.969687822359,0.960861005704,0.953870553582,0.962599496514,0.971132283483,0.9691888456,0.969227339459,0.975807749394,0.978326601607,0.976216218022,0.958370082403,0.954588767195,0.982050764843,0.984477552856,0.985364930194,0.988180794023,0.987866267944,0.987562380132,0.98210128214,0.982322074904,0.983544471943,0.98720985612,0.986621183207,0.989182349558,0.981531601433,0.980605442247,0.979799074651,0.976382041918,0.986239904297,0.986686572227,0.985557362511,0.987613619004,0.987835020511,0.988004747681,0.988357116242,0.986003564416,0.98601546251,0.98462664802,0.985900274393,0.985924263772,0.986686769011,0.977377958808,0.98377653677,0.980860384245,0.982904918765,0.972911849852,0.977025116072,0.964466290084,0.970147191655,0.96950354908,0.98297104548,0.974347802193,0.989350739477,0.989561462781,0.989907785972,0.991525030869,0.991871273888,0.992225134499,0.991532165367,0.990839831347,0.981717285408,0.990839813232,0.991879209293,0.992225306528,0.99222555808,0.992225826108,0.992918450834,0.988241034977,0.988261924096,0.982043412121,0.993610832121,0.993611115042,0.992918473081,0.99257207631,0.993610743921,0.977595441007,0.977249417824,0.98647585666,0.970772914035,0.983772757771,0.975855963198,0.975806782619,0.981277560055,0.991800930793,0.99406049075,0.994060514464,0.993722082766,0.993673457963,0.993825400584,0.993722030781,0.994061258998,0.994157977509,0.99401389375,0.994062708561,0.993522515049,0.992796326019,0.992116953583,0.981263293843,0.98018103633,0.972638715725,0.959012060796,0.982732187893,0.960540501234,0.977425748919,0.985659733366,0.979405779935,0.993705034678,0.994222303372,0.99412799259,0.994282667314,0.994277703484,0.99430422848,0.987374221111,0.982191828397,0.992022514493,0.992037641601,0.994416044975,0.994371618942,0.994382410395,0.994385075153,0.994399221756,0.975180402298,0.993350510798,0.993900611201,0.993907604249,0.991755863897,0.993794385447,0.993655245056,0.993986577809,0.994070202379,0.989742752258,0.989467398442,0.989329042211
0.498193244898,0.524421703286,0.512316019982,0.509803154076,0.504495953542,0.52965892386,0.508846897293,0.529577758447,0.50091455038,0.494031727354,0.541172953445,0.503771866052,0.498383046097,0.498026489156,0.517996286823,0.535289196148,0.543217821169,0.57242272248,0.548849809238,0.556149747564,0.595657379945,0.574558201485,0.646056962817,0.739251302031,0.790911830712,0.785320556204,0.85606340362,0.872001240893,0.917085008992,0.91349919428,0.900538595694,0.893906205224,0.906999264955,0.939937924951,0.940912139304,0.941258966849,0.944738530635,0.945686658243,0.952031212451,0.955586656014,0.953146845575,0.946777898057,0.932060831,0.933503328421,0.947901914712,0.945083637627,0.954059497752,0.947164083813,0.939230328435,0.952422925105,0.956525262745,0.959815704842,0.961671692404,0.960013615264,0.961236042893,0.953192677655,0.93297903678,0.955826217652,0.960107449983,0.94783134756,0.962393508067,0.961584895232,0.959721026207,0.956372507965,0.948505674293,0.949518189352,0.952623631493,0.955136734378,0.955148191079,0.938038900897,0.950029482652,0.943737543584,0.949559621536,0.956592630049,0.960831088866,0.963700221297,0.962680994985,0.960691611007,0.962841149804,0.962471786986,0.964185572786,0.965984930158,0.955770178809,0.966005281281,0.967331622407,0.965260182993,0.967428327219,0.964893313861,0.966075743397,0.964843760569,0.965098278203,0.965256258722,0.963360182581,0.968609200464,0.970548585536,0.971246935839,0.971787675349,0.971067167963,0.971487079475,0.96971715341,0.96909741101,0.967812488827,0.956474857279,0.957936257186,0.969883878816,0.968558986382,0.965776507273,0.962391335262,0.959239996437,0.957360322423,0.954722318516,0.957760801755,0.955031678412,0.95815824575,0.959495631771,0.959590567146,0.955953935457,0.953996846725,0.951922304866,0.953291243232,0.9530598818,0.94994512752,0.952679195139,0.954578701238,0.955276322696,0.957957452428,0.955817602269,0.951617819245,0.935841257516,0.94242964905,0.951009591472,0.943842581517,0.951184197023,0.953439544162,0.952279552842,0.955308638102,0.962714879599,0.96499923316,0.965952883462,0.966849440856,0.971749966557,0.970143444125,0.966995357563,0.968948920848,0.967487826114,0.970074073119,0.971385296797,0.951891533304,0.966750017402,0.967820358429,0.950074455617,0.967848892153,0.958928957589,0.968022477178,0.95365630346,0.958639820238,0.950939970051,0.962183211083,0.957739987012,0.950643956229,0.962481693527,0.963634437698,0.947609191962,0.933209534919,0.955883718727,0.9614692068,0.965231499642,0.966551587261,0.964575550679,0.949578043396,0.950697649774,0.948981156221,0.960219634015,0.957928739134,0.959239866618,0.940181753695,0.945276781862,0.954358439651,0.951000431709,0.958053985187,0.959200546931,0.940872137311,0.954712578015,0.959074272449,0.960632826313,0.958213964931,0.962654851067,0.960630171987,0.961391509564,0.964731684523,0.965367217663,0.964771049864,0.965390461986,0.968106026371,0.968086972309,0.971103839895,0.97242919497,0.971325912633,0.969795569414,0.969288480226
0.511981535324,0.488484391699,0.504858684771,0.491886771118,0.491701581491,0.504969093631,0.515587551598,0.49747113045,0.492818619008,0.493827641817,0.497509896545,0.494639434546,0.498261383323,0.502775477232,0.50135791354,0.507268908222,0.499815641076,0.500432350267,0.499558868226,0.497959569111,0.500885453229,0.497649365432,0.506719521078,0.500865475498,0.50587573481,0.502383816788,0.505515668144,0.500073117664,0.496707849547,0.498531328016,0.492451843963,0.496934072582,0.501326839497,0.500934826685,0.499280109927,0.498862122806,0.499326577446,0.498062546001,0.49706957017,0.500508100098,0.498424520749,0.496796981233,0.500783903839,0.501413148481,0.497212852867,0.499757500833,0.501377711785,0.49862002757,0.50079993754,0.499386592282,0.498099161869,0.493919872694,0.498219511789,0.494877230176,0.499453036379,0.498598064076,0.500268916959,0.499244500423,0.499346010394,0.497786585643,0.498936400298,0.502044039039,0.499353945592,0.499642860143,0.498713024689,0.500396909281,0.502986238394,0.50218382943,0.498073889172,0.498317614732,0.500842114117,0.501822725472,0.500578555749,0.501907230377,0.503449175322,0.503475523029,0.502923396939,0.499791395071,0.501814055339,0.5039249123,0.501957039017,0.502668765163,0.499563065135,0.502345401565,0.500894645334,0.50127819667,0.503248333409,0.501911886572,0.499394996757,0.498718533625,0.500376310929,0.503976586363,0.499902316181,0.500146867742,0.498310605349,0.498932525431,0.497854508976,0.501201340822,0.495225444271,0.497875257409,0.49628295265,0.495656239616,0.496038443764,0.495873404208,0.500656777755,0.498126652536,0.497882865024,0.50131981155,0.494558029983,0.499432114862,0.500675937637,0.503930486107,0.509530272255,0.510062996334,0.509322291815,0.504386180591,0.505067437991,0.506405112443,0.503233082933,0.503617500179,0.506505402096,0.506999943037,0.505181661513,0.513698224787,0.51439602298,0.511074380328,0.511859792494,0.508566084749,0.511884752607,0.513643093672,0.51570910288,0.518912944302,0.518062555649,0.514213544339,0.51709049268,0.512191199772,0.508974483313,0.51301480595,0.512681375404,0.514535453284,0.515640063085,0.514053403896,0.514902361969,0.5151774299,0.516473642088,0.515320361291,0.513901376115,0.512389657758,0.511743706784,0.514282996142,0.512338397989,0.511622979317,0.511299889467,0.508801101747,0.510196828686,0.508477831489,0.509659102406,0.508855788136,0.509921163955,0.511999291043,0.512924615636,0.514642816566,0.512946859317,0.512329034825,0.512314568905,0.513019697425,0.512031371339,0.511968031964,0.511817036226,0.511920590564,0.512542565514,0.512165685677,0.511218725395,0.511509620023,0.509401388827,0.511015538096,0.513273507671,0.511412156083,0.510540106252,0.514309377778,0.509264877687,0.509484851323,0.513225591371,0.51377394601,0.510419855932,0.505286094346,0.508261475274,0.512322664662,0.506172478462,0.50703906229,0.506950263705,0.50889369061,0.507949567798,0.511924476932,0.505733071226,0.51201525845,0.510330510518,0.508723654576,0.508502818481,0.51232051542
0.512621598841,0.508186685551,0.529045122286,0.513709860425,0.526338018286,0.50621325537,0.496211292102,0.507152869126,0.496186213225,0.467648239211,0.519049754487,0.488515638613,0.502832286326,0.490718608357,0.490533158407,0.487797637597,0.518784282178,0.497825751521,0.492836221117,0.513895337521,0.509805654864,0.51740773629,0.522920590503,0.537072474402,0.52493660889,0.506944149149,0.548168529182,0.552749110689,0.613347143467,0.68826527582,0.722790882214,0.723917781441,0.787266933696,0.761508317035,0.820654610364,0.809639038648,0.8015078799,0.766814284479,0.785048312239,0.787483317689,0.780560427626,0.799771144896,0.781097650889,0.763957042515,0.792349117253,0.794022527031,0.766282115616,0.769058685451,0.781528229188,0.803837037165,0.813947842794,0.820415351647,0.816303136966,0.81379604061,0.827481999129,0.831800918055,0.829973361589,0.835641699009,0.849880042152,0.853213103306,0.852973681812,0.854529139311,0.856237255327,0.856282625255,0.856285993737,0.849969021635,0.841353375896,0.849033149659,0.849939349705,0.856139851741,0.856207011435,0.856196298879,0.85614943893,0.85617760649,0.856171889106,0.856130230072,0.85620066712,0.856164616101,0.841391331086,0.848445020308,0.856157296761,0.856088384466,0.856218574355,0.856217648636,0.856172332979,0.85620606058,0.856282001187,0.856347896834,0.843907712229,0.856230209701,0.856234858887,0.856275718724,0.856263373556,0.856333544218,0.856494606575,0.841653570629,0.841663392773,0.834620998916,0.856579091081,0.856625238402,0.856594558017,0.849218267662,0.856584740241,0.856608131754,0.85633422496,0.856279024494,0.855967345782,0.855461979759,0.856112004575,0.849952408343,0.849893321097,0.836816043503,0.841442607874,0.842749484397,0.836952432484,0.842258636799,0.854030437514,0.854045771204,0.853564291011,0.854457441062,0.854489868347,0.854455507288,0.85422676765,0.853880209038,0.85311103521,0.852533819528,0.852391091321,0.853387216301,0.853504010819,0.852320708789,0.85289242569,0.852727981241,0.852184794262,0.85183058122,0.853183608918,0.853018916208,0.854713587022,0.854138962689,0.854069752064,0.842067501491,0.841092721052,0.846181308881,0.853971425897,0.854286369314,0.85324999832,0.853879110785,0.854213908181,0.854039005757,0.854990237612,0.854992009258,0.855052660307,0.855765676398,0.848644348568,0.855763821893,0.855760501181,0.848904285973,0.855948291777,0.855948660428,0.855768040906,0.857132567285,0.855952910113,0.855012132268,0.853879818442,0.85349633179,0.854412085485,0.853845480383,0.85308449249,0.852561275941,0.85331782261,0.852574747923,0.848164108244,0.855195472693,0.854810464685,0.858082502675,0.856171664166,0.849945609066,0.856176257599,0.856178104581,0.856191980975,0.85433557878,0.854330037832,0.854331884814,0.856180899079,0.856173511149,0.856153153114,0.856142220312,0.841403990729,0.856173511149,0.856181520322,0.856158918641,0.856160948978,0.855407726308,0.855420282663,0.856176585302,0.856175377701,0.853219202777,0.856203382827,0.856147436174,0.856139858781,0.856143640194
0.491580435278,0.502638321426,0.489382462923,0.493759609773,0.4858629114,0.503199146104,0.499967199717,0.483797306558,0.512802752861,0.502910834917,0.490044159052,0.496770010655,0.496138749547,0.499578809177,0.493165913705,0.502389178109,0.513178728209,0.495955336357,0.488291644463,0.502397414829,0.497054028718,0.507212309291,0.493242436243,0.499249108895,0.487280906834,0.510600630426,0.501050305728,0.49606513816,0.491689183314,0.5008807458,0.506364305369,0.497416081444,0.501049227471,0.49873873298,0.498209516099,0.49746904316,0.499098056819,0.497110950886,0.498526029056,0.499180462731,0.498378821936,0.498618565079,0.500050979411,0.50006978504,0.497616440979,0.498113803153,0.498678173492,0.499021803162,0.497485872477,0.499014016058,0.498506039441,0.499448988753,0.497887683297,0.498843484689,0.498323617266,0.498316712728,0.498710832757,0.498511817088,0.498908971924,0.499357022819,0.499112478787,0.49935000912,0.499362956028,0.498919535465,0.4999857213,0.499378613776,0.500185320252,0.500055472117,0.500397517531,0.500231694539,0.500905261077,0.500224327376,0.500770032974,0.500598892275,0.500231709499,0.500100334871,0.499964137697,0.499812201885,0.500421022254,0.50057478296,0.500493697793,0.499875334929,0.500476129586,0.50047843619,0.500163456024,0.500105532848,0.500395621197,0.500016640062,0.499461927028,0.49980049557,0.499682640829,0.500393166469,0.500210475305,0.499842838049,0.499687723853,0.499582956421,0.49877196595,0.499606284438,0.498989527079,0.498825780522,0.500260641189,0.500231390033,0.500480543813,0.500668595103,0.500800827775,0.500457688036,0.500541514357,0.500418467852,0.50034234987,0.500697808942,0.500820180149,0.501080483142,0.500471785254,0.50044196181,0.500164778658,0.500189252048,0.500442262767,0.500399113972,0.500200283599,0.500460115737,0.500585964862,0.500416700147,0.500203449362,0.500300036948,0.500265618347,0.499877558033,0.499678269384,0.499851140061,0.500105182097,0.500144658587,0.500227632306,0.500348385551,0.500025536483,0.500290306757,0.499846535334,0.50000322144,0.499864077141,0.500412973795,0.500679323291,0.500605262195,0.50061685191,0.500616985176,0.501247609676,0.500919424777,0.501252260496,0.500707032663,0.500797226413,0.500436348401,0.500346239753,0.500075938621,0.500256829503,0.500436888893,0.499896420923,0.500526946143,0.500526848724,0.500256647655,0.499986358931,0.499536023403,0.499085554312,0.499085566283,0.498995409316,0.498643914701,0.498762277448,0.498431522882,0.498438406934,0.498736315948,0.498484347416,0.498487790314,0.498720580983,0.498790087732,0.498594946432,0.499069883137,0.499600868644,0.499535649764,0.499736916109,0.499811332045,0.499615483197,0.49977452097,0.499954997012,0.499657139563,0.499572331204,0.499369759966,0.499366040811,0.499132454333,0.499085273757,0.499265466518,0.498995178203,0.498905081552,0.498995177793,0.498905081552,0.499085273757,0.498634792549,0.4986641605,0.498482433166,0.498482433166,0.498454624443,0.498624104429,0.498725304631,0.498546286537,0.498455478279
0.522769565927,0.515379810666,0.51365850721,0.500780656844,0.491813893082,0.49437440624,0.511566457052,0.495517537503,0.492369087269,0.487502621494,0.497140650364,0.481383866904,0.476652108457,0.474654326091,0.481124414788,0.518193424773,0.495023514026,0.49727570177,0.501871652366,0.506208522888,0.499523022719,0.50766744829,0.507305125972,0.504911211013,0.517587068802,0.506563717178,0.501252504192,0.500794795917,0.517265717862,0.499464121596,0.515497504574,0.511565411196,0.544838030522,0.53234088142,0.527823990099,0.51488344226,0.508971546128,0.496368043944,0.498274113881,0.514988239884,0.511671638348,0.516627640603,0.520774150267,0.509145999898,0.509709321587,0.509887543373,0.510246293972,0.501758725488,0.510392272847,0.51819266459,0.518677114858,0.515276002016,0.520031526802,0.517382106337,0.516059574234,0.51215832703,0.516996601576,0.52501455451,0.528908371742,0.527088237091,0.525062010288,0.522817623088,0.515832220878,0.514609574774,0.515730733393,0.511277678533,0.505557986239,0.505560560416,0.506258963472,0.505717510445,0.50185101238,0.508316561888,0.510200405305,0.50308177646,0.506732058358,0.511034026553,0.514031299495,0.508699817253,0.507283431295,0.509353135152,0.509693177547,0.516774446744,0.514843361754,0.512639600947,0.510707516398,0.507936613951,0.507008349764,0.504640707985,0.508809755929,0.508993507285,0.506085450467,0.504125334513,0.506774299141,0.505244136442,0.50568450521,0.50191483306,0.501916325802,0.498162947466,0.504582459457,0.502537755565,0.510069715556,0.507422513015,0.510121610951,0.507897291799,0.507496226218,0.514972034341,0.517685542331,0.515776589462,0.518746471337,0.517067669399,0.520736502208,0.524140546424,0.524839606672,0.532365077657,0.533090208371,0.531482556148,0.534765934475,0.534855322626,0.532825208171,0.536108039288,0.536693358018,0.536294655675,0.537116527162,0.54029605034,0.537185028943,0.540109765427,0.540661617989,0.539736659144,0.536507236853,0.53484801288,0.538673938742,0.540129171747,0.538343348816,0.541707669136,0.540858414837,0.540039658045,0.536705807094,0.540086729595,0.539225152092,0.538363514109,0.538562094749,0.53803106404,0.537238211788,0.538898038808,0.540005189729,0.541708609804,0.54111869822,0.542813013642,0.54254875979,0.543077176977,0.541334727078,0.540315873504,0.539404684926,0.539371688907,0.538915932326,0.537372477231,0.538556777352,0.53818656361,0.539588381772,0.538620663032,0.538127148485,0.536418091497,0.535900141704,0.537781807891,0.538583865478,0.539163348031,0.540037001277,0.540533346927,0.538357945998,0.540235046319,0.539212353611,0.53739859006,0.536963200021,0.53852574531,0.538062742301,0.53772437896,0.537720136602,0.539507426693,0.538879472129,0.537912835976,0.535835290922,0.537313115803,0.53630497702,0.535513408905,0.533200467372,0.533559479203,0.535797134021,0.537927204407,0.538245226571,0.539534889451,0.539420267045,0.53977067727,0.540461877188,0.541002360286,0.539504588949,0.537872438548,0.537343105789,0.539818818104,0.540311169461,0.541323871719
