0.0192125438125,0.284041722347,0.0342387626333,0.174151071222,0.0693698525168,0.238477975431,0.279512688736,0.0740988787728,0.269036381857,0.0305376422153,0.201489276544,0.351989544051,0.00907600348066,0.0236051844293,0.00921140621478,0.222162956868,0.185307940357,0.0109636696916,0.00442701318195,0.119511035897,0.0841098572027,0.0838326017473,0.0418830029539,0.0554407760017,0.170154989064,0.065581725017,0.126659353862,0.0411479244433,0.0750357275654,0.0431855705691,0.224600080882,0.221078149155,0.153122138934,0.0909239251796,0.0132609213217,0.153809963386,0.126832664386,0.147424997064,0.0416053957191,0.178341362781,0.0433402908102,0.321025279882,0.105542611972,0.491949525661,0.304556749718,0.116763754977,0.129193559874,0.47438818473,0.461034573672,0.461464812175,0.486797680218,0.468757877472,0.459691312213,0.49237866565,0.489979162702,0.461472845453,0.421364999862,0.490595102674,0.492799876866,0.459692213959,0.490604649388,0.490037039361,0.492415500731,0.467322889713,0.46686747831,0.466934119357,0.474961802146,0.491384016011,0.492448879413,0.490609888314,0.466868617373,0.459690861919,0.461054181831,0.490014052318,0.459690909022,0.459692107396,0.459706699842,0.49262118614,0.492076872636,0.492433280712,0.490600289875,0.490011275472,0.466931175221,0.490005313722,0.45969115323,0.489950558152,0.489953418298,0.459690769617,0.490005687481,0.490006124425,0.459698618626,0.490613770797,0.461046680815,0.461019655031,0.490012190328,0.490607280947,0.490524138663,0.490004655906,0.459699738003,0.459698107855,0.459698422199,0.490140874515,0.49242991964,0.492417318042,0.492440388088,0.492440228174,0.490522804182,0.492412305696,0.492437745538,0.492427523477,0.492440388088,0.497892797081,0.49789278088,0.497890608566,0.49789278088,0.49789278088,0.49789278088,0.49789278088,0.49789278088,0.497054452869,0.49789278088,0.49789278088,0.49789278088,0.49789278088,0.492683560783,0.49789278088,0.49789278088,0.49789278088,0.49789278088,0.49789278088,0.49789278088,0.49789278088,0.49789278088,0.49789278088,0.49789278088,0.49789278088,0.49789278088,0.49789278088,0.49789278088,0.49789278088,0.496130255883,0.49789278088,0.497892712332,0.497892712332,0.497892712332,0.49789278088,0.49789278088,0.49789278088,0.497706812332,0.497706812332,0.497706812332,0.497706812332,0.497706812332,0.497706812332,0.49789278088,0.49789278088,0.49789278088,0.49789278088,0.49789278088,0.496039772699,0.496039772699,0.496039772699,0.496039772699,0.497860807534,0.496039772699,0.496039772699,0.497860807534,0.497860807534,0.497084925489,0.497084925489,0.49789278088,0.49789278088,0.49789278088,0.49789278088,0.49789278088,0.49789278088,0.49789278088,0.49789278088,0.49789278088,0.49789278088,0.49789278088,0.49789278088,0.497892712332,0.497892712332,0.49789278088,0.49789278088,0.49789278088,0.49789278088,0.49789278088,0.49789278088,0.49789278088,0.497892712332,0.497892712332,0.497892712332,0.497831271381,0.497831271381,0.49789278088,0.497892712332,0.497892712332,0.497892712332
0.328660571738,0.317311290679,0.414438859672,0.20446867976,0.162165079075,0.188665264238,0.18990462595,0.177017669272,0.339383078313,0.0559759767036,0.0428940998801,0.118257798297,0.135483251049,0.0918146891042,0.0337822159977,0.0377015855808,0.06595109205,0.0072727739188,0.299401728183,0.233735147655,0.0637079391292,0.272904757266,0.115749535217,0.0970272742661,0.0674654775912,0.153457100841,0.0251433773081,0.0740344007131,0.0558915275442,0.0902622184434,0.014182727547,0.0515351197828,0.0977327581309,0.469263386082,0.492366451671,0.204102447814,0.204102447814,0.503378354987,0.496468501705,0.706170385218,0.885427204569,0.885773126251,0.495876628595,0.495751333875,0.885468888082,0.885237004477,0.886338131696,0.886334753038,0.886334753038,0.886320314144,0.886320314144,0.885860047418,0.886204773024,0.0579541187023,0.885860047418,0.886204773024,0.885771430962,0.884584628954,0.878008162948,0.486554145033,0.886204773024,0.885771430962,0.885771430962,0.885771430962,0.885785900356,0.483406071461,0.885771430962,0.885785900356,0.885771430962,0.885771430962,0.885901625581,0.543069655076,0.890371653321,0.886320314144,0.890397147103,0.890371653321,0.886334753038,0.890397147103,0.886219218577,0.895207849336,0.895152652405,0.895152652405,0.895152652405,0.89825926493,0.895186736191,0.895186736191,0.895190992689,0.895207849336,0.895186736191,0.895186736191,0.895152652405,0.895241841982,0.900147290168,0.89521210151,0.900256084817,0.900147290168,0.900147290168,0.900147290168,0.900256084817,0.900147290168,0.808698428345,0.900555678064,0.293355925054,0.443999108249,0.0479696351086,0.0479696351086,0.900555678064,0.796192636419,0.836985512677,0.748677939163,0.900555678064,0.900664273561,0.900147290168,0.145091089765,0.900147290168,0.900256084817,0.900147290168,0.900147290168,0.900147290168,0.900555678064,0.900664273561,0.900555678064,0.900555678064,0.805019222653,0.781357732736,0.781357732736,0.499990550621,0.534555096102,0.17760779847,0.942564090657,0.663918139412,0.942564090657,0.942647965691,0.942564090657,0.942647965691,0.942647965691,0.704784186465,0.704632865172,0.704632865172,0.942387565335,0.942823666265,0.942823666265,0.942823666265,0.942823666265,0.942823666265,0.942823666265,0.942823666265,0.695066288375,0.942823666265,0.942823666265,0.942823666265,0.942823666265,0.942823666265,0.942823666265,0.942823666265,0.942823666265,0.942823666265,0.942823666265,0.942823666265,0.942823666265,0.942823666265,0.942907354293,0.942823666265,0.942823666265,0.942907354293,0.942907354293,0.942907354293,0.293524330292,0.942907354293,0.942907354293,0.942907354293,0.942907354293,0.942907354293,0.942907354293,0.635191592103,0.635191592103,0.635191592103,0.635191592103,0.942907354293,0.942907354293,0.942907354293,0.942907354293,0.942907354293,0.942907354293,0.942907354293,0.942907354293,0.942907354293,0.942907354293,0.635191592103,0.635191592103,0.635191592103,0.635191592103,0.635191592103,0.635191592103,0.0900406184334,0.0900406184334,0.942236112437,0.942387565335,0.942907354293,0.942907354293
0.320321336142,0.0833355486833,0.314971999954,0.237470016572,0.181009492549,0.22783185121,0.027422041715,0.346906167614,0.192133117343,0.111349727988,0.27122045271,0.136276504318,0.383086360078,0.30959466338,0.229345922124,0.0293530550116,0.378496354788,0.274727414417,0.315126247506,0.352020618498,0.118009002425,0.272116081515,0.407151453563,0.334281895467,0.382497655157,0.352074353925,0.427449835728,0.424800077433,0.387371246308,0.354376539297,0.352257563682,0.353994814034,0.352657570404,0.353757882409,0.358644958283,0.36018961432,0.352018822839,0.356459980256,0.405742940983,0.394239272365,0.360295595777,0.355180614432,0.413848922568,0.357126179031,0.407195336177,0.357834471685,0.386279586793,0.351943437906,0.384503373465,0.406587298817,0.409326069924,0.410884838427,0.410871233303,0.418776309056,0.492339068662,0.456275125753,0.495212250764,0.495214180846,0.494659173665,0.495055180171,0.496873585237,0.495029983754,0.494679139334,0.496359623547,0.496364237114,0.496395125022,0.497153457782,0.494692559684,0.495153020543,0.496877996528,0.497152437939,0.496990777485,0.495067013353,0.495055157047,0.499672698206,0.50374244454,0.495559278504,0.503702156759,0.494954803957,0.495752981775,0.496200181622,0.49997260698,0.495750387243,0.503364839466,0.504351700385,0.495917058518,0.503533377714,0.503743742356,0.50374244454,0.503742417466,0.503743715285,0.499462670972,0.54823112859,0.551965668438,0.551971047296,0.552010454385,0.552005075811,0.469859789242,0.469869375306,0.451761852068,0.556656829939,0.551867139596,0.551985152024,0.503742417466,0.434625324062,0.435143886336,0.503743066389,0.503743066389,0.503743066389,0.338404976728,0.503743715285,0.503743715285,0.550191910154,0.55007334211,0.55180801516,0.551985372422,0.601995664084,0.601995664084,0.601995664084,0.601995664084,0.603731111077,0.603730963563,0.603731111077,0.603731111077,0.603729689068,0.506105861807,0.60373253252,0.595719291375,0.435628373387,0.338828412812,0.435612286095,0.595719291375,0.595719291375,0.595719291375,0.59572589607,0.596061542909,0.595719291375,0.544978836741,0.544998749738,0.595719291375,0.595715988226,0.595715988226,0.595715988226,0.595719291375,0.595292148741,0.595292148741,0.595719291375,0.539851181779,0.595718951076,0.595718951076,0.413571488054,0.413571488054,0.413554967645,0.595513485853,0.595513485853,0.595292148741,0.595719291375,0.595719291375,0.595719291375,0.596064789084,0.596064789084,0.596064789084,0.595644926814,0.595719291375,0.49723804625,0.49723804625,0.595644926814,0.595719291375,0.595719291375,0.595719291375,0.596064789084,0.595644926814,0.506085758569,0.595644926814,0.595644926814,0.595644926814,0.595644926814,0.595644926814,0.594933466112,0.595292148741,0.595292148741,0.595644926814,0.497011572685,0.595644926814,0.595719291375,0.595644926814,0.595292148741,0.563062881756,0.595292148741,0.497477377531,0.595719291375,0.595292148741,0.595644926814,0.490074018468,0.489193665486,0.509464979037,0.509464979037,0.509464979037,0.595719291375,0.595719291375
0.000769483620414,0.196456500416,0.245577477322,0.146944871058,0.0122019769065,0.100987625346,0.0540173557915,0.00247844301334,0.0551575722786,0.169596403367,0.00508565423378,0.0110168057045,0.0361048024072,0.203538497073,0.0794236931385,0.120405560762,0.0367655157894,0.0308658077219,0.0826640194874,0.00373169128521,0.0126994384884,0.0249377428985,0.10737243491,0.182621388158,0.0283731783652,0.170821822295,0.41712405828,0.40634472259,0.296752365716,0.169184180308,0.184171105391,0.394973320349,0.273318452702,0.451077423847,0.450663464527,0.451025322087,0.170658086219,0.410472654385,0.450647085722,0.453758371452,0.454805201709,0.450652125175,0.451331492238,0.477083301526,0.453723143105,0.451021546407,0.450644552633,0.482636636916,0.493146403174,0.471036530282,0.493943273526,0.493148156147,0.457919030864,0.505572812872,0.506905022203,0.517694346624,0.525061959701,0.802559655658,0.80123003612,0.802812309696,0.802417125679,0.798988962455,0.799034756043,0.798840007991,0.799079491533,0.800126301506,0.799079491533,0.497319393293,0.504670336604,0.679845367709,0.67980503138,0.708006910445,0.800372113182,0.798205876111,0.798205876111,0.706928194569,0.670327914972,0.652613114394,0.521535225573,0.476443275275,0.468066700588,0.468066700588,0.398075877217,0.474552274931,0.522236702489,0.552912919809,0.802301071549,0.802594096984,0.506897196003,0.802605145002,0.808771235117,0.377581847301,0.328915661501,0.808863656864,0.802599621077,0.802588572721,0.802594096984,0.821367651212,0.802605145002,0.845317198696,0.821350018883,0.802605145002,0.821367265337,0.802601002074,0.802605145002,0.845319703946,0.845315555951,0.845319703946,0.75018583926,0.846580614765,0.84659200486,0.845319703946,0.845318061232,0.845317198696,0.845317198696,0.845317198696,0.84659200486,0.84595698315,0.23782907084,0.383542019614,0.40041987845,0.882424752499,0.870599468434,0.869717701511,0.90030265172,0.900302776076,0.90172449849,0.90172449849,0.90172449849,0.90172449849,0.901888598521,0.901888598521,0.520514251621,0.520466024211,0.901727506165,0.901562609361,0.957311642715,0.957302590456,0.957302590456,0.957311642715,0.957303722259,0.95765652645,0.95765652645,0.882443997332,0.8832760702,0.957872311128,0.957873130635,0.957872037949,0.957880777325,0.957880777325,0.953903741952,0.522752077174,0.0501272984706,0.957872037949,0.957872311128,0.951921961344,0.951921961344,0.951921961344,0.951653382389,0.951653048878,0.951921634955,0.951921961344,0.9519115144,0.951921961344,0.951921961344,0.404552296556,0.955470577876,0.901888598521,0.901885291528,0.51352102555,0.51352102555,0.504470467198,0.955470577876,0.955470577876,0.955470891642,0.95272525866,0.95272525866,0.949073366895,0.949073366895,0.94819798219,0.949932284546,0.949920673648,0.951921634955,0.94993192179,0.952724938891,0.952724938891,0.952724938891,0.95110173259,0.950265263486,0.9519115144,0.955470891642,0.954727588161,0.953978730831,0.95396824109,0.95396824109,0.954738172994,0.956196853541,0.052238718285,0.679149338187,0.953506004444
0.277710334181,0.281005571242,0.169027800455,0.209476775615,0.249371145913,0.0713064758475,0.286027949185,0.206158764244,0.168511183437,0.22137941572,0.280053189315,0.235818006079,0.0908212778095,0.00923619612305,0.307604999401,0.1687347129,0.0994871575867,0.240854537928,0.165052547967,0.00820498219086,0.00733638507182,0.186610302213,0.173484261866,0.177376162479,0.294147654418,0.0417870661714,0.244365350915,0.011064640366,0.00720348620209,0.0219814669884,0.0500345913329,0.128459494117,0.0192214042527,0.0725162219075,0.00801287067607,0.0109521754167,0.199963345268,0.0232500108962,0.0123561451523,0.170182025485,0.114831770017,0.364351575672,0.468775035775,0.076684813497,0.0769492182055,0.432822624596,0.415738097863,0.436364890347,0.25557870535,0.591585425505,0.572081887326,0.333728837581,0.223288971874,0.65143280014,0.729127961579,0.334692957939,0.334560411347,0.334626680228,0.103668846109,0.337113973197,0.784866733604,0.78406032515,0.785170982286,0.783925781319,0.784729395009,0.783925781319,0.767655130847,0.783922811208,0.783922811208,0.783786135177,0.783786135177,0.783753321486,0.783786135177,0.507115973946,0.782675215119,0.783922811208,0.783920708818,0.783788238203,0.784727296433,0.968397580561,0.0860042796539,0.968397580561,0.940785146831,0.442944414887,0.968397580561,0.968398294963,0.968397580561,0.968397580561,0.968397580561,0.968398294963,0.968398294963,0.968397580561,0.968397580561,0.44296409707,0.44296409707,0.442778728061,0.968383798596,0.968398294963,0.968398294963,0.968398294963,0.968398294963,0.968398294963,0.968398294963,0.968383084016,0.493492140514,0.968397580561,0.773062179821,0.444043397123,0.773101688012,0.729362036985,0.729362036985,0.968429510921,0.507118219936,0.09135360618,0.968429510921,0.503073402929,0.502457144509,0.503079134148,0.968428796981,0.968428796981,0.968443995881,0.968443282119,0.968443995881,0.715160516099,0.715160516099,0.720163001744,0.968430938772,0.61787566969,0.968429510921,0.968429510921,0.968429510921,0.968429510921,0.968429510921,0.730608531647,0.968429510921,0.968429510921,0.968429510921,0.621750273788,0.968429510921,0.968429510921,0.968429510921,0.968429510921,0.968429510921,0.968429510921,0.968429510921,0.968429510921,0.968429510921,0.968429510921,0.968443995881,0.968443995881,0.785038787033,0.445196779908,0.968443995881,0.968429510921,0.63073809897,0.968429510921,0.968429510921,0.968429510921,0.968429510921,0.968429510921,0.968429510921,0.968443995881,0.968443995881,0.964809587152,0.968429510921,0.968429510921,0.968611950954,0.845402152763,0.968535274922,0.718953936153,0.968611950954,0.968626390281,0.968611950954,0.968611950954,0.968611950954,0.968702925501,0.968702925501,0.968611950954,0.507120549485,0.507118416981,0.968611950954,0.968611950954,0.968611950954,0.968611950954,0.968611950954,0.968611950954,0.968611950954,0.968611950954,0.969072175609,0.969072175609,0.969072175609,0.619345331198,0.969072175609,0.969072175609,0.969072175609,0.718684174587,0.718684174587,0.730123565912,0.969072175609,0.969072175609
0.182270515058,0.0508331709999,0.118208622894,0.0476288044348,0.116819658831,0.255201565318,0.0388040898468,0.0900198344095,0.184602909635,0.0980896516879,0.196687858986,0.0742364037066,0.312220820911,0.195117512066,0.24242347731,0.194453231163,0.0850409884739,0.0611578383484,0.3062810537,0.157513023616,0.387556919122,0.243789728513,0.221796966613,0.0638329556123,0.0762608861884,0.285569208374,0.00619793610827,0.00299001064213,0.0691386446985,0.0578796923707,0.207480032129,0.00210736646894,0.0691844024187,0.0618664684303,0.00248113016128,0.0585147547443,0.0420392957377,0.245366214662,0.254583916469,0.254473588204,0.254546822198,0.510867577074,0.638011869353,0.648139005234,0.648770589605,0.681272269259,0.49858474008,0.700706546215,0.700923628161,0.700710756782,0.830837478988,0.542618769326,0.831238875513,0.278913003921,0.278626667983,0.278691370745,0.780977845868,0.780977845868,0.780977845868,0.780977845868,0.495540898207,0.780974111638,0.885392652423,0.902773811457,0.902773811457,0.90277419828,0.902776815165,0.0848346581011,0.902776815165,0.902726132534,0.90280686987,0.902726132534,0.90280686987,0.902726132534,0.56202976744,0.56202976744,0.505959770186,0.902726132534,0.902812489298,0.902854915605,0.763083074268,0.763070185734,0.763070185734,0.763811975271,0.763056143584,0.763056143584,0.966330916578,0.966316664244,0.966329333213,0.795284781608,0.903624576493,0.902857531205,0.902812489298,0.795433414349,0.796439617633,0.796443527867,0.795339114332,0.795343294349,0.795335196003,0.754147706823,0.902875839244,0.902809873089,0.903577113696,0.902830801599,0.902854915605,0.903577113696,0.903574122804,0.902830801599,0.903597958992,0.902809873089,0.596261246829,0.902809873089,0.902809873089,0.966370099697,0.0840990828777,0.966370099697,0.966371681614,0.873108082852,0.966370099697,0.966370099697,0.521219964625,0.966370099697,0.966370099697,0.699454633806,0.966370099697,0.903642811711,0.966370099697,0.253928989561,0.253928989561,0.966370099697,0.521219964625,0.966370099697,0.699532882119,0.699454633806,0.699454633806,0.699454633806,0.699454633806,0.763037187835,0.763038803048,0.763038803048,0.562061736676,0.755290234282,0.873046459748,0.873046459748,0.966395403511,0.966395403511,0.966395403511,0.966395403511,0.966371681614,0.254487322012,0.521219863501,0.966371681614,0.966395403511,0.966415759945,0.505959510187,0.0841019387989,0.873050085033,0.873046459748,0.873050085033,0.873050085033,0.873050085033,0.873050085033,0.873050085033,0.873050085033,0.966798278158,0.966798278158,0.966798278158,0.96679480042,0.966798278158,0.966798278158,0.966798278158,0.618808099286,0.618808099286,0.618808099286,0.966749691581,0.966748123359,0.966749691581,0.966749691581,0.940733561719,0.96679575608,0.96679575608,0.966797322566,0.966798278158,0.966798278158,0.966798278158,0.886241660837,0.886241660837,0.886238363363,0.886238363363,0.886238363363,0.494480142621,0.886238363363,0.886238363363,0.886238363363,0.886241660837,0.886241660837,0.966798278158,0.505959443674,0.505959443674,0.966798278158
0.0579074849317,0.0207113595014,0.0494547960992,0.12041750121,0.419949593199,0.426708637143,0.415980044601,0.043499120534,0.229290916618,0.145372782566,0.286913641747,0.25514920219,0.0276211804399,0.0165602972609,0.123805891636,0.0532241155674,0.00266739405342,0.0852180373601,0.0723799373528,0.0478133499406,0.228831310176,0.379696564886,0.0195288936623,0.0292324328639,0.0743788557626,0.431393904203,0.000504947128917,0.0023956439866,0.0104195379264,0.296010318694,0.495952936838,0.39370542922,0.477137450261,0.47695817431,0.497770646305,0.499956287659,0.578663321434,0.501130429143,0.504251206184,0.504117208494,0.879183145134,0.878597731847,0.87894648137,0.877477016197,0.877466053631,0.940101239022,0.939974464431,0.940320714287,0.941154128617,0.954198170417,0.943954410874,0.943948397483,0.9567753675,0.956918837298,0.956919236721,0.956944787475,0.684603493981,0.957011069683,0.957445616942,0.0394640791944,0.948620121427,0.957087032156,0.948751416063,0.905399904587,0.905045435086,0.964815245254,0.964865843891,0.964979705705,0.964865843891,0.964857361122,0.964742669209,0.964857860252,0.964865843891,0.964857860252,0.964865594471,0.964857860252,0.965307547107,0.964857860252,0.964857610689,0.964857111551,0.96487382296,0.965100398198,0.964759025013,0.964857860252,0.964742669209,0.964857860252,0.964857860252,0.964857860252,0.97045232615,0.97045232615,0.874030605142,0.874030605142,0.874030605142,0.874030605142,0.874030605142,0.874030605142,0.874030605142,0.874030211072,0.874030211072,0.562496163,0.510445934525,0.499824063546,0.874131030526,0.875812662841,0.562496163,0.562496163,0.874959444767,0.0312621850002,0.97040215685,0.97040858455,0.97040858455,0.97040858455,0.97040858455,0.499824130434,0.97040858455,0.97040858455,0.505018579571,0.566993494483,0.97040858455,0.504792886553,0.97040858455,0.97040858455,0.97048583509,0.505018579571,0.97048583509,0.97048583509,0.505018579571,0.970492059975,0.970492059975,0.566636916819,0.566636916819,0.566636916819,0.970492059975,0.970492059975,0.97040858455,0.97040858455,0.97040858455,0.566614447891,0.566636756993,0.566636756993,0.566636756993,0.0309534717046,0.566636756993,0.566636756993,0.567326996402,0.566636756993,0.970408686391,0.970492059975,0.97040858455,0.970239665716,0.970408686391,0.97040858455,0.970413919194,0.970408686391,0.969733540907,0.293750118066,0.969734219215,0.969619041564,0.969618901095,0.969618901095,0.866614791797,0.96937779414,0.969500268462,0.969500268462,0.969377644086,0.566636916819,0.969500268462,0.969377644086,0.969377644086,0.8678552654,0.687457689082,0.683259784278,0.680600443148,0.687457689082,0.683259784278,0.683259784278,0.683260289461,0.816787506483,0.816786314511,0.969500268462,0.96870468612,0.969500268462,0.969500268462,0.969500268462,0.969500413725,0.543773874685,0.543787319843,0.543787319843,0.543780516545,0.542819829237,0.543773779013,0.54280930266,0.54280930266,0.543766724121,0.969377644086,0.0315715193607,0.969377644086,0.969377644086,0.969377644086,0.969377644086
0.0162198404088,0.251267021758,0.416030444073,0.211880689034,0.418494154933,0.0638724142966,0.117838956825,0.405965611358,0.166876044847,0.427705366444,0.175122720759,0.239915804625,0.189415975505,0.0225868157648,0.218189856428,0.106539003282,0.0796650229225,0.361569430028,0.415005395754,0.0551797598731,0.359994241424,0.43039369893,0.407667431175,0.414541351566,0.3718126595,0.14855672826,0.40805556014,0.366092184137,0.423711297272,0.373813640666,0.409405745328,0.407040949858,0.420844190452,0.407064332963,0.409667042226,0.411941411195,0.416263254527,0.459736666488,0.464450292639,0.412676343314,0.46192642812,0.420298898341,0.411034388647,0.420813999757,0.412633934375,0.410901056777,0.412692632021,0.412740640735,0.412744096255,0.416207243964,0.409615033858,0.420810894206,0.412265296231,0.42022677689,0.420821179474,0.494675302275,0.493672704488,0.493668822901,0.493673123146,0.493270529092,0.493285656855,0.493668944191,0.49366752594,0.493661657482,0.493673674988,0.493681113584,0.495239791033,0.496213439081,0.509943541567,0.504789430713,0.504775983122,0.540647002306,0.54067552291,0.540647230227,0.540647230227,0.540648174717,0.540647946797,0.540649053582,0.540649053582,0.613427486723,0.613425825553,0.613426147819,0.61342424927,0.613426147819,0.613426147819,0.613427724028,0.504890067454,0.504883652249,0.504752935495,0.519627471102,0.513735963257,0.513445888023,0.513790254298,0.513417399495,0.595375574667,0.595375574667,0.613425910505,0.613427486723,0.408550904832,0.408650657831,0.61342424927,0.554624141962,0.613425910505,0.613426147819,0.61342377462,0.59852837654,0.59853085709,0.598568056855,0.61343685781,0.414339898162,0.41439130178,0.414371413715,0.414422111635,0.613196733348,0.613296482875,0.613425910505,0.421975148894,0.421975148894,0.59853085709,0.598570536275,0.59853085709,0.59853085709,0.543733091241,0.504874112332,0.543798465589,0.543798465589,0.543798465589,0.598514421126,0.539773516563,0.352371854755,0.539744134669,0.539744134669,0.539773516563,0.539773516563,0.539773516563,0.539773516563,0.492421184548,0.492421184548,0.492420959774,0.492345144113,0.492345078019,0.492345144113,0.492345078019,0.598514421126,0.598514421126,0.598514421126,0.521244568249,0.521244568249,0.4950050192,0.4950050192,0.4950050192,0.518758666118,0.513790315941,0.52119190035,0.521244568249,0.521244568249,0.521244568249,0.521244568249,0.521244568249,0.598514421126,0.59853085709,0.598554108868,0.598395249533,0.432213525874,0.409521918056,0.589713036694,0.589713036694,0.598554108868,0.598554108868,0.539773516563,0.539787674011,0.539773516563,0.539787674011,0.598554108868,0.598554108868,0.598554108868,0.598554108868,0.598554108868,0.598554108868,0.598554108868,0.539773516563,0.539773516563,0.598554108868,0.598554108868,0.598554108868,0.598554108868,0.421977664875,0.421954861537,0.598554108868,0.598554108868,0.598553488886,0.598554108868,0.598554108868,0.414365086274,0.598554108868,0.598554108868,0.598554108868,0.598554108868,0.571584181311,0.40866435689
0.431503768411,0.035557785207,0.255192057065,0.349920735572,0.285456974034,0.426998728277,0.0672649680559,0.226577606217,0.171232808535,0.287703162778,0.267415698612,0.236635011274,0.0219463462888,0.109190391274,0.405886385318,0.118081245566,0.37783218865,0.352717396409,0.284707303367,0.459943950276,0.413118798738,0.469552108625,0.425676264115,0.359422710222,0.38990114013,0.472951653322,0.372393058201,0.433641278547,0.409750195981,0.352165137951,0.45875589917,0.495135557266,0.491958203378,0.491955810166,0.427910780477,0.49327244282,0.496587698542,0.49492350538,0.494987037495,0.494902973148,0.495178723234,0.494870577208,0.494868341829,0.49666259688,0.495464736591,0.496037849625,0.4965601584,0.496032358515,0.495865763037,0.495794594119,0.495819220259,0.496822499096,0.496822148537,0.496818308608,0.495614938363,0.496821251266,0.496814977778,0.496471365692,0.49666429076,0.495826314845,0.439150104345,0.439150293119,0.48951697731,0.489511462717,0.496820954848,0.488973142774,0.496665279151,0.493263316863,0.493271000532,0.488981003186,0.488955087907,0.465478101201,0.450456082154,0.439156615631,0.493302803281,0.488986520878,0.488986520878,0.488962925302,0.493306744309,0.493285986246,0.48898307228,0.48898210662,0.488989832118,0.488981003186,0.488981003186,0.496812751735,0.496812696989,0.496812533119,0.496812605882,0.496812605882,0.496812566014,0.496812751735,0.496832333252,0.496812784778,0.496307744542,0.496303435918,0.496812638826,0.496812605882,0.496832313448,0.496812678754,0.496832333252,0.496812657046,0.493305626945,0.488980020489,0.488988849058,0.488989952863,0.496813630434,0.488962925302,0.488963907261,0.488963907261,0.488988849058,0.488988849058,0.48895851539,0.48895851539,0.488989952863,0.488989952863,0.488989952863,0.488961822746,0.48898210662,0.48895851539,0.488989400954,0.488988849058,0.488962925302,0.488989280213,0.488990935969,0.488990935969,0.488959497166,0.488959497166,0.488989952863,0.488994368605,0.48895851539,0.488990935969,0.488962374018,0.488954106313,0.488993816592,0.488993816592,0.488995351894,0.488962925302,0.497195189973,0.496969138569,0.497195226358,0.497195321332,0.497195321332,0.497195321332,0.497195189973,0.497195321332,0.497195321332,0.497195189973,0.496969335682,0.497195321332,0.497195321332,0.497193803002,0.497193221983,0.497193803002,0.497193221983,0.497193803002,0.497193484123,0.496832485032,0.49683252942,0.496832421897,0.49713122436,0.497131103209,0.497130566636,0.497130566636,0.497130687697,0.497195189973,0.497130929879,0.497130808778,0.497131466722,0.497195189973,0.497195321332,0.49713122436,0.49713122436,0.497131103209,0.497131103209,0.497130687697,0.49719545271,0.49719545271,0.497195189973,0.497195189973,0.497131466722,0.497195189973,0.497162345419,0.497195189973,0.497193576355,0.497195321332,0.497195189973,0.497195189973,0.497195321332,0.497195321332,0.497195189973,0.497195189973,0.497195189973,0.497421669414,0.497421669414,0.497195321332,0.497195903767,0.497195321332,0.498047205137,0.498047205137
0.316630980038,0.217355611347,0.168561331013,0.407907928937,0.335980667597,0.267110859167,0.250610597594,0.318538270213,0.171799890728,0.252165543879,0.0450651389292,0.238404781243,0.394372240738,0.0744453803886,0.00388811991846,0.0265857448182,0.0131948435315,0.0527419964191,0.00778782487666,0.00891723598066,0.0268290501883,0.0275578797778,0.156672832354,0.371828422758,0.00195014491276,0.318485999251,0.35765908452,0.310368891146,0.377770555953,0.238662533294,0.31184383042,0.517767084761,0.574134640452,0.578413455342,0.514350738808,0.557286724584,0.495748055342,0.526163877335,0.529957908368,0.518312606935,0.611630933149,0.604985407532,0.605089563927,0.689945910081,0.690920386757,0.715945961261,0.714327677401,0.714327677401,0.713117916989,0.714379886857,0.714707403152,0.399433438831,0.398637593022,0.713059308553,0.56146392148,0.718765667952,0.761868980033,0.761344215574,0.393724062846,0.333275593739,0.332420031238,0.334238290646,0.761345111303,0.343945210367,0.761405828375,0.763268515469,0.76229827645,0.763327094024,0.763268515469,0.763268515469,0.763372951792,0.763268515469,0.761818003769,0.761816115687,0.618142727796,0.618165929256,0.618843989972,0.714744714409,0.761345111303,0.761345111303,0.761829746477,0.749161317303,0.5143171002,0.761337948122,0.761345111303,0.761345111303,0.761345111303,0.761337948122,0.763261502654,0.761345111303,0.577657205822,0.634920458391,0.761345111303,0.761345111303,0.761337948122,0.385987100715,0.385987100715,0.761337948122,0.590183859804,0.616583820172,0.598949830435,0.563203835427,0.563203835427,0.763268515469,0.761816115687,0.727465381064,0.724926009925,0.726209807296,0.761341528954,0.761341528954,0.761345111303,0.761345111303,0.761345111303,0.761345111303,0.761345111303,0.761345111303,0.761345111303,0.761345111303,0.761345111303,0.761345111303,0.761345111303,0.763268515469,0.763261502654,0.183606434532,0.761345111303,0.761345111303,0.618672948785,0.761345111303,0.761345111303,0.763268515469,0.763268076994,0.763268515469,0.761345111303,0.761345111303,0.761345111303,0.515948241779,0.761345111303,0.574609550474,0.574608628488,0.631273635463,0.761344663427,0.761344663427,0.761344663427,0.684029927838,0.763268076994,0.761345111303,0.761345111303,0.763268076994,0.763268076994,0.763268076994,0.763268076994,0.763268076994,0.763268076994,0.763268076994,0.763268076994,0.763268076994,0.763268076994,0.763268076994,0.759404147424,0.763268076994,0.763253207015,0.763238334564,0.763268076994,0.51414589997,0.51414589997,0.51414589997,0.515957142326,0.50595391865,0.683288304033,0.683276445658,0.684018098162,0.703528525197,0.703528525197,0.703528525197,0.60411167551,0.459795603989,0.459795603989,0.459795603989,0.459795603989,0.763268076994,0.501603151898,0.501603151898,0.501603151898,0.501214762364,0.501603151898,0.759442938736,0.763268076994,0.515957142326,0.763268076994,0.18466729939,0.763268076994,0.763268076994,0.763268076994,0.763268076994,0.763268076994,0.763268076994,0.763268076994,0.763268076994,0.788374923038,0.788374923038
0.354994547975,0.375350708713,0.0801677975024,0.156758650749,0.170893873246,0.226247861234,0.360183286247,0.431932462428,0.0858609361998,0.373745529028,0.390256203322,0.209798164375,0.160816924586,0.315608193817,0.308615439169,0.138626768417,0.269671583164,0.0765757360924,0.118828685633,0.274598632497,0.318009543158,0.0742947903625,0.101531585436,0.38644577299,0.144444114505,0.025624028433,0.0612729632324,0.154463130612,0.0269020681533,0.32499120206,0.13809344987,0.0317380187973,0.0790972738954,0.299935806926,0.302595470988,0.326585534311,0.366701994808,0.235048493053,0.117971397803,0.510633611998,0.510632924639,0.510632065404,0.513060762902,0.510524102226,0.835560114366,0.198874690907,0.835905155504,0.835454663464,0.452997873174,0.0754041680357,0.0836851423148,0.886050207391,0.412961885035,0.370988076112,0.412606512186,0.888277832165,0.120844419408,0.887323286149,0.839074727189,0.835119122411,0.845503388587,0.843195569627,0.845503388587,0.845590857277,0.929287247062,0.430682340284,0.400890231202,0.213747283366,0.395551996957,0.931382389944,0.496000239758,0.496000233743,0.669665271497,0.964366510537,0.96431579994,0.964311170746,0.964258267414,0.964320728707,0.964185601913,0.964319803363,0.964368330574,0.964368360933,0.964369316431,0.96436644974,0.96436644974,0.96436644974,0.96436644974,0.964367405369,0.964192345853,0.964367405369,0.964368360933,0.964368360933,0.964367405369,0.96436644974,0.96436644974,0.964367405369,0.507846729098,0.96436644974,0.96436644974,0.889437705101,0.96436644974,0.96436644974,0.964368360933,0.964368360933,0.964368360933,0.847007744586,0.847240583331,0.847240583331,0.964367405369,0.962400640968,0.964368360933,0.96436644974,0.964257337955,0.964367405369,0.964345437728,0.964339693916,0.964258301049,0.0233275262222,0.964258301049,0.507850757996,0.507850757996,0.964220817873,0.964152711877,0.964189503773,0.964127439747,0.964129383291,0.899220370419,0.899220370419,0.899407589399,0.964042041917,0.0233613791255,0.505026450485,0.964128411552,0.964130354965,0.964130354965,0.964127439747,0.964129383291,0.964129383291,0.964129383291,0.0230025645099,0.507850757996,0.963948416778,0.963885315745,0.963950384383,0.96412829393,0.612641979799,0.612641979799,0.96412829393,0.963886303752,0.963888279571,0.96412829393,0.962430758563,0.962500848506,0.960054002915,0.963886303752,0.963886303752,0.931104624488,0.963885315745,0.898639464751,0.898639464751,0.963948416778,0.963886303752,0.963886303752,0.963758312657,0.963885315745,0.963885315745,0.963760305292,0.963761301512,0.963761301512,0.963885315745,0.963885315745,0.963885315745,0.963885315745,0.963885315745,0.963885315745,0.963885315745,0.963885315745,0.963885315745,0.963885315745,0.899211449645,0.963885196931,0.963885315745,0.963885196931,0.496409814889,0.496409808071,0.963885315745,0.963885315745,0.963885315745,0.963885315745,0.963885315745,0.963886303752,0.964127439747,0.963885315745,0.963885315745,0.963885315745,0.964016220412,0.963886303752,0.963885315745,0.963886303752,0.963885315745
0.301709377961,0.231314001873,0.419282048508,0.365814417864,0.135169885521,0.441012315568,0.27343451363,0.390127323699,0.401442988103,0.146736571353,0.20324582923,0.0441785419989,0.00250743194552,0.275724738747,0.0386736765169,0.0410831480135,0.368699081484,0.0900646902694,0.276146945348,0.193621948166,0.016235762765,0.093793547795,0.0273888905007,0.17801846906,0.178766962801,0.0382468187899,0.213755184372,0.328543250936,0.0446801740033,0.302100677747,0.0420564716856,0.0624801025842,0.0680612838787,0.0104285104936,0.270976619338,0.0302841309338,0.0395232842689,0.0680903721455,0.407672457512,0.250089104584,0.250092817724,0.478393677153,0.403768993292,0.474520529441,0.463295530321,0.470758871558,0.474802466956,0.468400110629,0.475072478516,0.472521181163,0.468639962272,0.468361320763,0.468083440775,0.46838878671,0.46969439264,0.479839462622,0.479853211345,0.478116197349,0.474928339425,0.473440417265,0.46795218367,0.475510357938,0.469642989855,0.473861886997,0.475206956255,0.446701687238,0.467603480329,0.468905853187,0.46431335373,0.468934714592,0.478989996665,0.473788847765,0.470474777781,0.475800545104,0.4622032705,0.468656776912,0.468659779034,0.401717233638,0.47167301591,0.472706780778,0.472706780778,0.465623238952,0.472784282361,0.437636918531,0.39750405215,0.101404768252,0.39750405215,0.467201026896,0.36370778531,0.466842334718,0.471653376307,0.459774525059,0.433792385674,0.164936356501,0.3003734502,0.388115378282,0.388115378282,0.375791097272,0.344787000352,0.285013404238,0.284127684033,0.405844600502,0.435575878955,0.284877855514,0.41459351757,0.383242098042,0.29904438469,0.29904438469,0.400676238718,0.397503993272,0.424461863504,0.387702872106,0.424461871421,0.43682616936,0.43682616936,0.420944221204,0.43682616936,0.39750405215,0.43682616936,0.43682616936,0.43682616936,0.43682616936,0.443985499719,0.43682616936,0.461275627087,0.460101565401,0.460101565401,0.443985499719,0.530870412278,0.532559274133,0.549584737226,0.549584737226,0.549584737226,0.549585381366,0.549585381366,0.549585381366,0.443985499719,0.549585381366,0.556410052125,0.556410052125,0.549585381366,0.549585381366,0.563656248268,0.612893991913,0.612893991913,0.612893991913,0.612893991913,0.612894063612,0.618639810863,0.618639810863,0.594772032547,0.624001210157,0.624001210157,0.612893991913,0.612894063612,0.612893991913,0.612893991913,0.612893991913,0.61289083093,0.612894063612,0.612894063612,0.624763919731,0.624763919731,0.624763919731,0.514752318726,0.372311941189,0.514752318726,0.519507813739,0.519507813739,0.636106670652,0.636106670652,0.636106670652,0.636106670652,0.636106670652,0.636106670652,0.374920351068,0.636106670652,0.636106670652,0.636106670652,0.636106670652,0.636106670652,0.3627243381,0.3627243381,0.3627243381,0.375880306752,0.636106670652,0.636106670652,0.636106670652,0.44649463001,0.44649463001,0.444922962395,0.44649463001,0.44649463001,0.507779955422,0.507779955422,0.507779955422,0.507779955422,0.507779955422,0.651638544432,0.507779955422
0.0454360837251,0.169687255129,0.175808511743,0.0292167783116,0.221529920363,0.262156152037,0.382102825573,0.333457077233,0.202389206618,0.161339035191,0.00965191046352,0.0367533645388,0.172887059818,0.0535674259639,0.12911848208,0.0307963206372,0.168804229581,0.14531086572,0.0446512667151,0.0413170120721,0.0415529517801,0.0761149109457,0.126844401496,0.12749878279,0.172518892624,0.185417203839,0.268557207704,0.225082518886,0.427694925563,0.439372711916,0.507873702029,0.528628486125,0.680009591792,0.686637697266,0.801616349699,0.692645435598,0.684032923905,0.680782468703,0.354482819069,0.35705560348,0.616971238939,0.628109475063,0.663440089834,0.68588444551,0.686511537953,0.692862800985,0.679866711208,0.690909552062,0.757526253789,0.817213123792,0.734244840617,0.756043677779,0.834494453911,0.819394162481,0.752169769465,0.752168484635,0.827029955753,0.577123644864,0.599210243457,0.878867750296,0.880723024758,0.880260712105,0.878831080773,0.878550789695,0.876910314525,0.87675788672,0.87496244209,0.884394904635,0.881962908087,0.888649509341,0.883540159002,0.885886990032,0.743324696554,0.878537108177,0.961210219179,0.961106877992,0.960968186387,0.961106877992,0.864353836313,0.961235549754,0.0115241082666,0.960968186387,0.961244537346,0.393764912805,0.963420659279,0.50505598527,0.961381166315,0.962215939654,0.512600436359,0.96317158727,0.961364143979,0.961106877992,0.506960954921,0.370690866192,0.960950777263,0.96303367466,0.963018272609,0.96303367466,0.961210219179,0.960968186387,0.960933351977,0.961244537346,0.509254684251,0.963049061015,0.963064431679,0.963064431679,0.963064431679,0.501518647036,0.501518647036,0.502066775115,0.502066775115,0.963049061015,0.963064431679,0.963049061015,0.963064431679,0.963293111155,0.963293111155,0.965219418252,0.963293111155,0.963049061015,0.963049061015,0.963064431679,0.963064431679,0.505041394144,0.505041394144,0.505041394144,0.505041394144,0.505067338752,0.502227775969,0.022486645313,0.969938300456,0.97003823021,0.970032089847,0.970032089847,0.969938300456,0.390400618317,0.390400618317,0.86736356566,0.969938300456,0.97003823021,0.969938300456,0.969938300456,0.969592368948,0.969592368948,0.969592368948,0.969592368948,0.971120570783,0.971120570783,0.971120570783,0.97111993529,0.962150210094,0.971120570783,0.883954472112,0.971120570783,0.971120570783,0.971120570783,0.971120570783,0.023252237341,0.97111993529,0.97111993529,0.390400618317,0.971120570783,0.807242067412,0.971120570783,0.971120570783,0.971120570783,0.971120570783,0.971120570783,0.971120570783,0.971120570783,0.971120570783,0.602348369952,0.605248323263,0.605248323263,0.605248323263,0.883954472112,0.883954472112,0.883954472112,0.93546107098,0.93546107098,0.832554638139,0.832554638139,0.832547065246,0.832547065246,0.832547065246,0.832547065246,0.752271688627,0.832547065246,0.832547065246,0.93546107098,0.93546107098,0.93546107098,0.935458611753,0.815371956608,0.815371956608,0.935457011568,0.935457011568,0.935458611753,0.93546107098,0.93546107098
0.396338319975,0.234405144224,0.00666292242643,0.132863979862,0.319281837033,0.0067369593111,0.173275969162,0.272519951263,0.180827064588,0.313367410261,0.254885248764,0.0741987669873,0.259607598622,0.195690695176,0.287275724249,0.316100085761,0.248068681187,0.0495246222725,0.115314369747,0.151662892457,0.0492282694556,0.23640938193,0.439529062517,0.0780767813105,0.360077877817,0.0858401655779,0.259315220977,0.149346318464,0.294338456668,0.406291059362,0.466556589012,0.221302361679,0.0529570731242,0.10692518133,0.135515109859,0.302286768262,0.342091413319,0.194733371256,0.360811711576,0.401414782484,0.351595929227,0.355897599574,0.222411323184,0.222578343785,0.28766766925,0.1912930854,0.483743082093,0.483714031303,0.446882990811,0.416178708235,0.497743363468,0.478751537919,0.505103314318,0.46822913775,0.53622689482,0.580241774588,0.564415449816,0.508315705822,0.508315705822,0.495594092624,0.3723861975,0.490508439338,0.637257721053,0.654280242251,0.642271124547,0.535017109579,0.724865619539,0.52325585996,0.160460236797,0.717112159707,0.823884358191,0.823884358191,0.823884358191,0.824307140238,0.824330188766,0.824318701231,0.825194429959,0.0772066272142,0.72013092195,0.821386253974,0.820593534932,0.820191442188,0.822196047333,0.686791428633,0.680872096261,0.680872096261,0.685214518797,0.720271444983,0.720271444983,0.685752908805,0.685752908805,0.824295505778,0.685269168408,0.723316719707,0.516907906098,0.821386253974,0.821395521934,0.643508635848,0.821386253974,0.820205531391,0.821386253974,0.820177278316,0.820177278316,0.820205531391,0.514866568991,0.821386253974,0.820205531391,0.820205531391,0.821386253974,0.821386253974,0.821386253974,0.821386253974,0.821386253974,0.821386253974,0.821386253974,0.821386253974,0.821386253974,0.821386253974,0.821386253974,0.940367268292,0.940704799703,0.941016067908,0.941016067908,0.941016067908,0.941025851219,0.941025851219,0.941025851219,0.941025851219,0.941025851219,0.941025851219,0.941025851219,0.516518644201,0.516518644201,0.516518644201,0.516531637782,0.516518644201,0.941025851219,0.941025851219,0.941025851219,0.941025851219,0.913537867963,0.883702618421,0.913537867963,0.849566776075,0.849566776075,0.849566776075,0.821386253974,0.927296572657,0.913537867963,0.913537867963,0.913537867963,0.913542825317,0.913542825317,0.592115868884,0.592115868884,0.913537867963,0.913537867963,0.913537867963,0.927296572657,0.913537867963,0.913537867963,0.913537867963,0.913537867963,0.913537867963,0.913537867963,0.913537867963,0.913537867963,0.913537867963,0.913537867963,0.913537867963,0.913537867963,0.913537867963,0.913537867963,0.913537867963,0.913537867963,0.913537867963,0.913537867963,0.913537867963,0.913537867963,0.913537858126,0.913537867963,0.913537867963,0.913537867963,0.913537867963,0.913537867963,0.927296572657,0.913537858126,0.909481403372,0.75316930365,0.752090761306,0.941027447991,0.941027447991,0.941027447991,0.941027447991,0.941027447991,0.59878306693,0.937007469517,0.300001932473,0.941027447991,0.941027447991
0.110653900841,0.325423041128,0.219199352582,0.227800996142,0.221652922178,0.380504995952,0.277956082074,0.276242249834,0.18019183756,0.16850774474,0.227803127662,0.104732039135,0.111588406867,0.175367782366,0.1926045875,0.00590050682349,0.239388614069,0.133835143214,0.15630670572,0.0104915606043,0.307825124773,0.149464610648,0.169036357132,0.112053958142,0.210353551452,0.23429388072,0.00663025366318,0.230570479105,0.0192127170675,0.0258894397064,0.148335106608,0.120887240496,0.0472319633468,0.0197482740752,0.148404621204,0.054700752291,0.414684344074,0.380891709546,0.506146390356,0.544820372665,0.515431865365,0.683022677425,0.53110530434,0.743332150695,0.71736019187,0.744338006741,0.829883448849,0.873014128379,0.83912953788,0.841425769323,0.0103080662598,0.899558838489,0.904235973794,0.842661459978,0.826331216691,0.856921196772,0.848635516659,0.873053728001,0.8817463785,0.952043358225,0.576376184361,0.580549395229,0.889870099517,0.948568379408,0.45785989845,0.904176118193,0.89793469416,0.738720774091,0.896687757802,0.889970394875,0.867087695922,0.952091239985,0.952260287014,0.952388274877,0.952175412528,0.952035154938,0.0378606367879,0.949270817645,0.952024091703,0.524851938646,0.43213164246,0.524847729734,0.95194947506,0.951995849478,0.880126520201,0.87249221993,0.949646970737,0.951984161503,0.951985713247,0.952026275685,0.393719306713,0.951983528055,0.951957429811,0.951957429811,0.519546905522,0.0183656865641,0.94271176966,0.951982261194,0.951982261194,0.94265358781,0.942614520841,0.951992397362,0.926944393259,0.926944393259,0.927071872152,0.948581117638,0.948687718013,0.948527441815,0.926834642054,0.93832785057,0.926834642054,0.926607827795,0.920957008135,0.9455792045,0.948525028681,0.945411622926,0.923105617483,0.923105617483,0.948682330336,0.970839993372,0.970843814087,0.970924541572,0.970926449207,0.970924541572,0.0546932504778,0.970809415021,0.970807503129,0.970811326826,0.970929687495,0.970929687495,0.970931484213,0.970926449207,0.970809304016,0.970962082385,0.970931593777,0.970962082385,0.970809415021,0.970813238543,0.970841793151,0.970807503129,0.983444187146,0.98352607671,0.666988077606,0.666983754121,0.557143936683,0.983527354149,0.98353018769,0.98346734111,0.98353018769,0.983535551593,0.983534189473,0.983531550048,0.983531550048,0.983534274507,0.983531550048,0.983531550048,0.983444187146,0.983668801998,0.983668801998,0.987528619127,0.987528619127,0.983551975179,0.983551975179,0.983551975179,0.978261814332,0.978262845417,0.987528457055,0.987538741308,0.987531206314,0.507131748062,0.50713183597,0.50713183597,0.507131748062,0.338478733838,0.987528619127,0.987528619127,0.987528619127,0.643316061504,0.643320281565,0.975757613375,0.975757613375,0.975757613375,0.975757613375,0.97574652555,0.97574652555,0.975757613375,0.863026119454,0.975757613375,0.975757613375,0.975757613375,0.97574652555,0.606333991899,0.606858233096,0.975141353805,0.975757613375,0.975757613375,0.975750066914,0.318398790618,0.667264747943,0.667264747943
0.148220975409,0.0702735101568,0.393264619826,0.0866201340485,0.299426950364,0.286058603415,0.276486529192,0.0754336940677,0.0209971236518,0.382914261234,0.289171984874,0.0315650867325,0.0477139245974,0.220860769899,0.235062339821,0.180170962267,0.0591447876797,0.0741583186174,0.0222583181196,0.0174290928864,0.179319969135,0.0327395304882,0.120294970956,0.0108403068758,0.248600653315,0.125724706011,0.119180023884,0.00781230208628,0.0213316371577,0.0135943247801,0.0831653323573,0.227562678162,0.227562678162,0.273807097688,0.51097851279,0.355335587345,0.367980066276,0.357102145849,0.357117683473,0.742475588166,0.365487556819,0.286175513288,0.71505161885,0.715000041117,0.758835305707,0.0251429124027,0.835901167274,0.840611238122,0.839942923891,0.845164646001,0.854061858177,0.79204748565,0.839608101731,0.821871595995,0.827100489999,0.827731138318,0.827731138318,0.827724311141,0.846783143774,0.879823136081,0.880383211817,0.880372249669,0.90010477705,0.880350322744,0.881203057575,0.92583992334,0.92583992334,0.846803771771,0.91153637135,0.88025435125,0.92659183647,0.926590377077,0.900891987938,0.925833961892,0.925835452344,0.925835452344,0.925847373799,0.925847373799,0.925835452344,0.925847373799,0.925847373799,0.925833961892,0.899949532527,0.899950308023,0.880562794376,0.900395446194,0.880562794376,0.548534132865,0.500748438662,0.500748438662,0.900339995546,0.480273801372,0.900407318156,0.899950308023,0.899950308023,0.90367452571,0.903669669635,0.903669669635,0.961873001513,0.465748987699,0.961873001513,0.961873001513,0.961873001513,0.961873001513,0.961873001513,0.961873001513,0.961873001513,0.961873001513,0.961872337525,0.961873001513,0.961873001513,0.467042354246,0.46574703267,0.961873001513,0.961873001513,0.961873001513,0.864057264346,0.861073627112,0.764297934737,0.621602195175,0.861073627112,0.190024318048,0.767215138256,0.767215138256,0.961873001513,0.515258007768,0.961873001513,0.962544174367,0.613105986427,0.962544174367,0.962544174367,0.0238607784674,0.962544174367,0.936151847147,0.936151847147,0.962544174367,0.962544174367,0.962544174367,0.513956469152,0.962544174367,0.962544174367,0.962544174367,0.962544174367,0.962544174367,0.962544174367,0.962544174367,0.962544174367,0.962544174367,0.962544174367,0.956758014488,0.95943920206,0.95943920206,0.956758014488,0.956758014488,0.956758014488,0.956758014488,0.956758014488,0.956758014488,0.0238482127598,0.880589342995,0.880589342995,0.880589342995,0.494895965254,0.880589342995,0.880589342995,0.956758014488,0.962556089894,0.962556089894,0.962556089894,0.962556089894,0.956751912604,0.956751912604,0.956751912604,0.956751912604,0.912143797388,0.912143797388,0.962561259621,0.961202965259,0.961202965259,0.961202965259,0.961202965259,0.961201605631,0.961201605631,0.961202965259,0.961202965259,0.961202965259,0.961202965259,0.961202965259,0.961202965259,0.894213373629,0.890375258434,0.894213373629,0.894213373629,0.417715037925,0.878868793536,0.417715037925,0.417715037925,0.494895965254,0.878868793536,0.894213373629
0.272355359615,0.219007832794,0.0417791260273,0.046413302894,0.18018180788,0.0123761764491,0.0243911028631,0.275852604265,0.104381419021,0.31903100738,0.0624831460257,0.281658486859,0.128634585037,0.367574462799,0.251894253344,0.249850786263,0.0215479424925,0.0700850259231,0.140873383801,0.0208766472378,0.236584570569,0.230410614131,0.156366230146,0.202458811156,0.0686502256177,0.0187797164233,0.0352654519043,0.0929547617539,0.340454180025,0.114095048236,0.0775590368806,0.125045774948,0.0960375739911,0.116848789594,0.0468581730499,0.0903795702277,0.19190604516,0.499351113331,0.499350692985,0.49485292124,0.49484442804,0.494895165767,0.463309625345,0.836720957346,0.81043144757,0.812234615723,0.816592839762,0.812332394749,0.805110592038,0.827769049238,0.834622872069,0.83413672071,0.834170803952,0.834608702706,0.83680212894,0.834478297664,0.45729702014,0.457288645804,0.16426840089,0.905143530667,0.905146815359,0.919542189925,0.602040690983,0.604136749905,0.57463178556,0.604176738048,0.919542455737,0.51766571568,0.517665783882,0.603991395866,0.469862709795,0.469862709795,0.469848990503,0.532468009419,0.531001921706,0.919541924111,0.919541924111,0.919542455737,0.91604145504,0.917185996781,0.916050522923,0.91604145504,0.915933840969,0.91604145504,0.916039187758,0.916048256139,0.91604145504,0.91604145504,0.916040888231,0.916040888231,0.915933840969,0.915933273156,0.915933273156,0.916049956239,0.899234520416,0.903790148702,0.885839044012,0.885839044012,0.691862102654,0.694758902717,0.694751871333,0.704208749668,0.704231003789,0.254601245623,0.824025070065,0.4948649362,0.694736401585,0.704231003789,0.917183792913,0.917183241926,0.917077123463,0.917183792913,0.917185445825,0.917079883358,0.917185445825,0.507587978069,0.917191505913,0.917192056784,0.916048822847,0.917192607647,0.917193158503,0.917194260191,0.917194260191,0.917194260191,0.920726579126,0.920726579126,0.920726579126,0.920726579126,0.920726579126,0.920726579126,0.920726579126,0.920726579126,0.920726579126,0.920726579126,0.894196679411,0.894196679411,0.376991392442,0.89419609156,0.894197267243,0.894197267243,0.894197267243,0.894197267243,0.893584754287,0.894196679411,0.894196679411,0.894196679411,0.894196679411,0.920727608585,0.920727608585,0.920727608585,0.920727608585,0.920726579126,0.920726579126,0.920726579126,0.920726579126,0.920726579126,0.920726579126,0.494864770087,0.494864770087,0.494864770087,0.92071937206,0.92071937206,0.92071937206,0.920718342358,0.92071937206,0.92071937206,0.92071937206,0.92071937206,0.920726579126,0.920726579126,0.920726579126,0.919657449534,0.920726579126,0.920726579126,0.920726579126,0.920726579126,0.603991071453,0.920726579126,0.920726579126,0.440049092854,0.89419609156,0.89419609156,0.89419609156,0.89419609156,0.89419609156,0.894197267243,0.894197267243,0.89419609156,0.920694650821,0.920694650821,0.920727608585,0.920727608585,0.920727608585,0.920727608585,0.920727608585,0.920727608585,0.920727608585,0.920727608585,0.920727608585,0.920727608585
0.325179760172,0.182207274026,0.27237673856,0.288021380479,0.329082425144,0.276602071211,0.0433214801237,0.108328941996,0.276546868261,0.280754735043,0.23073513548,0.133741273147,0.198561579314,0.20330276148,0.315554257536,0.272291157851,0.20849858968,0.0979496619415,0.122689838549,0.103772461385,0.0551836293668,0.0988542145775,0.101301931239,0.376261581277,0.465656288383,0.492447666126,0.335933682104,0.501216845028,0.592096118005,0.466762432426,0.653874718199,0.491392833978,0.277450085025,0.680265578727,0.697667604716,0.704440979615,0.691275961681,0.68526640835,0.741661795153,0.671134218,0.504809475041,0.504765361081,0.50673690753,0.819282733877,0.777682623483,0.682415714195,0.499041508339,0.501549204594,0.711441785515,0.557895103605,0.445331828199,0.482580779749,0.818026053565,0.809962418614,0.740930633445,0.722623302037,0.73755801636,0.73755801636,0.747953069257,0.741212257243,0.714578251955,0.733951887861,0.758150808107,0.717003449251,0.755012231422,0.755012231422,0.748344190038,0.75323111825,0.762538787888,0.333114679126,0.840545629641,0.500712971856,0.832331046207,0.808027603233,0.817159406864,0.816388928847,0.816461243262,0.376779690601,0.816256308345,0.376777209099,0.856391810382,0.853396003439,0.853196283987,0.85126258968,0.854009510353,0.853195521305,0.87493267721,0.872425853807,0.877066568046,0.70171980603,0.523328598237,0.516103991277,0.879836943465,0.879848296713,0.544476616029,0.543172429768,0.872062990874,0.874919191677,0.87982694582,0.877783635295,0.0349754409914,0.877442544351,0.880195186699,0.937118794356,0.888068343141,0.877783635295,0.877088704438,0.877442544351,0.877088704438,0.52095787095,0.937108163194,0.937115416771,0.937344188247,0.951262928894,0.950869796724,0.9508702789,0.95086400868,0.950879438034,0.950885223899,0.9508702789,0.9508702789,0.950879438034,0.950885705915,0.950885705915,0.571150340885,0.571205035414,0.0335774512482,0.951278686073,0.951284893743,0.968967118823,0.968967118823,0.968961894254,0.968967118823,0.968961894254,0.937565278059,0.968961894254,0.818781993456,0.968964041138,0.572087312868,0.572427388113,0.967845497408,0.967845497408,0.543937842186,0.543929054468,0.543929054468,0.54374806883,0.968961894254,0.968961894254,0.969097328063,0.815697675243,0.815697675243,0.813273952988,0.815697675243,0.968961894254,0.494158336364,0.69901361512,0.69901361512,0.695076728357,0.499905869204,0.968961894254,0.968961894254,0.968964041138,0.968961894254,0.968964041138,0.0349515589539,0.968961894254,0.968961894254,0.968961894254,0.968961894254,0.696147460861,0.968961894254,0.968961894254,0.968961894254,0.968961894254,0.968961894254,0.968929573952,0.968929573952,0.968934834014,0.968934834014,0.968934834014,0.968964041138,0.969284240327,0.969104483222,0.968964041138,0.504551753057,0.968964041138,0.968963714552,0.501927130872,0.698991059857,0.969286235851,0.969286235851,0.969285933103,0.96896926334,0.966720724987,0.966720724987,0.966714011788,0.951294447106,0.951294447106,0.91051085029,0.910468205127
0.415951158515,0.00992819632609,0.0151154020531,0.286563346359,0.137727095809,0.180654278547,0.393708018365,0.286343685832,0.27022725151,0.190730066124,0.295396231278,0.00815566337783,0.47524765155,0.409055857094,0.360736067136,0.0226873704411,0.251908772639,0.0470869800215,0.0679736364749,0.415482843001,0.344156706133,0.344548973416,0.466504257279,0.0193931189503,0.202189740506,0.0338389924685,0.439793075575,0.0700721845822,0.416938133219,0.442545175442,0.0541945335244,0.0234732183802,0.439221420813,0.0375703869348,0.0489111987927,0.440804631565,0.824070757943,0.86962736803,0.872710503312,0.872693720267,0.86869330826,0.873059893826,0.868821389093,0.869181440994,0.869308721358,0.869162001848,0.868733393314,0.86917147729,0.869139587876,0.868705169153,0.870161388375,0.869182539905,0.724046375057,0.660600660653,0.658798029569,0.65887497238,0.660819336157,0.89797439321,0.898454953081,0.898848522177,0.898511224738,0.504447139391,0.50443126205,0.504432403835,0.504373008762,0.898788718623,0.898968846534,0.00718778420123,0.898340882768,0.914266181753,0.899349863948,0.910849734605,0.911707684938,0.411387688415,0.914677837848,0.911784349366,0.911677057916,0.00833021332249,0.983138788272,0.983147617324,0.984286044291,0.914012674174,0.98428601053,0.984268903645,0.982770956068,0.915113615444,0.901623117553,0.914691557279,0.914268246055,0.967628456928,0.967629026245,0.967629026245,0.98427741249,0.984231403506,0.984231169216,0.984231169216,0.984231169216,0.984231169216,0.518375531904,0.518375531904,0.518375531904,0.518363941171,0.532616550788,0.532616550788,0.532628339748,0.532710721185,0.988979078006,0.989017283523,0.989017180285,0.989017180285,0.00725146031447,0.989017180285,0.989017180285,0.989017180285,0.989017180285,0.989017180285,0.989017180285,0.989017180285,0.989017180285,0.989017180285,0.989017180285,0.989017180285,0.504389457878,0.532722494148,0.989017180285,0.989017180285,0.989017180285,0.989017180285,0.989017180285,0.989017180285,0.989017180285,0.989017180285,0.989017180285,0.989017180285,0.989017180285,0.532722469759,0.989017180285,0.989017180285,0.989017180285,0.989017180285,0.989017180285,0.989017180285,0.989017180285,0.989017180285,0.989017180285,0.989017180285,0.984645386379,0.989017180285,0.989018006205,0.989018006205,0.989018109447,0.989017180285,0.989017180285,0.989017180285,0.989017180285,0.989017283523,0.989017180285,0.989017180285,0.989017180285,0.989017180285,0.989017180285,0.987422480181,0.987423205907,0.989017180285,0.989017180285,0.989017180285,0.92939244426,0.929412190967,0.929394638469,0.929394638469,0.929394638469,0.929394638469,0.929901588867,0.989017180285,0.989017180285,0.989017180285,0.989017180285,0.989017180285,0.406602258822,0.406601681705,0.418552561042,0.96492766148,0.965478406949,0.989017180285,0.989017180285,0.989017180285,0.987748810214,0.989017283523,0.989017283523,0.989017283523,0.989017283523,0.0930806568541,0.0930806568541,0.0930806568541,0.989017283523,0.989017283523,0.989017283523,0.989017283523,0.989017283523,0.989017283523
0.220584251018,0.114185409358,0.253716259749,0.140176030102,0.362476727732,0.302893231183,0.27547883254,0.220243275512,0.454867969534,0.352200469849,0.169643332604,0.273261027842,0.316816948788,0.356701730315,0.152702282248,0.0241402169442,0.166432665777,0.318793991445,0.0136536557861,0.0271043389219,0.117771011284,0.0263276057566,0.138937528505,0.109640899944,0.012983446076,0.0740929464153,0.115422360523,0.0474274470425,0.0740624918755,0.223188608217,0.170089009196,0.182804120689,0.0729349208823,0.241412239354,0.287261468055,0.184386034081,0.0453135911894,0.0550831216059,0.060966606059,0.0411321552962,0.0561039693357,0.0532731754243,0.0445843743315,0.0441649004094,0.043987495529,0.0429755814597,0.133903133066,0.133859604368,0.447177202588,0.447150742012,0.447157357135,0.438542928054,0.43893266375,0.440667113852,0.446423022385,0.438509902106,0.44721407203,0.44721407203,0.449069699521,0.447163972272,0.447150742012,0.734998343096,0.836979496762,0.842359455155,0.884734430098,0.884769439418,0.884978793173,0.883708738658,0.141839373572,0.873632056474,0.873632056474,0.899009481743,0.899012261961,0.898982326414,0.898982326414,0.509953698592,0.510368407383,0.510368407383,0.89915737548,0.898979545305,0.898983236216,0.898987888393,0.899959070106,0.899688904343,0.440608759908,0.899967521929,0.0549166131069,0.0548073097441,0.74584668121,0.744899132766,0.899967521929,0.538850238129,0.899964773334,0.899962024659,0.899962024659,0.899967521929,0.497421680499,0.899967521929,0.899967521929,0.899967521929,0.900143266121,0.899967521929,0.141855112163,0.899962024659,0.900143266121,0.900143266121,0.745132945617,0.538875085202,0.0549383604327,0.538875085202,0.538875085202,0.539669103435,0.891342299019,0.888244905172,0.888244905172,0.887131844173,0.888244905172,0.0548836123189,0.888244905172,0.0531878109194,0.900143266121,0.900143266121,0.900143266121,0.900143266121,0.225600326976,0.900143266121,0.900143266121,0.900143266121,0.900143266121,0.900143266121,0.529658230136,0.225450288472,0.900128470022,0.900128470022,0.900128470022,0.900128470022,0.900126620343,0.900126620343,0.133853358596,0.900128470022,0.900126620343,0.134051681861,0.878472802251,0.878472802251,0.900141416738,0.900141416738,0.900143266121,0.900143266121,0.900128470022,0.900128470022,0.900128470022,0.865035663611,0.865035663611,0.133898964835,0.865035663611,0.900143266121,0.900143266121,0.900143266121,0.900143266121,0.900143266121,0.900143266121,0.900121315968,0.900121315968,0.900121315968,0.878472802251,0.878472802251,0.875058249779,0.875058249779,0.875058249779,0.900143266121,0.900143266121,0.900143266121,0.900143266121,0.900143266121,0.900143266121,0.224602415326,0.505055276001,0.510903367771,0.505055276001,0.510903367771,0.900143266121,0.900143266121,0.510363223508,0.524877877869,0.524877877869,0.524877877869,0.900143266121,0.900128470022,0.900143266121,0.900143266121,0.900143266121,0.505055276001,0.900143266121,0.879614806741,0.222542180554,0.900143266121,0.900143266121,0.900143266121,0.900143266121,0.900143266121
0.177447995869,0.346258353129,0.0495235168704,0.229995685353,0.151357525264,0.406313067948,0.106449017594,0.00428889846023,0.110918038201,0.115539229183,0.0270594537576,0.224416354387,0.0452588058312,0.287183619078,0.0744146576582,0.0098613716645,0.0161125794033,0.170980843794,0.225765490532,0.0670797969278,0.21767929395,0.0538573640567,0.107600162287,0.0718036873539,0.263098169699,0.0124791559262,0.0859243684116,0.0700906247167,0.0421635475255,0.119332342055,0.338737126019,0.054194151481,0.192325040721,0.119860088268,0.117768728189,0.118462672925,0.075824094874,0.139563464189,0.266540328462,0.250546199412,0.0405563420702,0.193023242696,0.172890570036,0.243072428346,0.27474876368,0.454042870729,0.454042870729,0.452806371158,0.455640627466,0.452800809386,0.488197977903,0.48819882019,0.45334160083,0.488196306353,0.488624369294,0.488218979675,0.489859091459,0.45401504597,0.510889622518,0.509778132218,0.452590918312,0.488197316143,0.488624929497,0.511210369341,0.612513085651,0.611851616108,0.636333115893,0.681083631624,0.614488141302,0.634155341666,0.612433019096,0.680661302453,0.610505460867,0.610505460867,0.680612461181,0.681143927631,0.680600932991,0.428879453362,0.680602819676,0.680661302453,0.483625519652,0.680663188851,0.680663188851,0.614211374098,0.614211374098,0.684251852547,0.74519205303,0.768175716997,0.768175716997,0.768175716997,0.768175716997,0.768175716997,0.768175716997,0.768088002485,0.321826302085,0.321826302085,0.321826302085,0.766831884572,0.459401498483,0.768175716997,0.768175716997,0.768175716997,0.768175716997,0.768175716997,0.768175716997,0.680539759132,0.484594511589,0.484595460424,0.484594511589,0.768175716997,0.768166958784,0.768166958784,0.768175716997,0.768166958784,0.768169148427,0.768175716997,0.768175716997,0.768175716997,0.768175716997,0.768175716997,0.768175716997,0.768175716997,0.483574469865,0.724616180812,0.484594511589,0.48362529185,0.488198631044,0.488198631044,0.48819882019,0.724616180812,0.724616180812,0.724616180812,0.724616180812,0.724616180812,0.72471846749,0.72471846749,0.561849013812,0.698487041352,0.724616180812,0.724616180812,0.488198631044,0.488337533028,0.488198826106,0.724616180812,0.724619281214,0.488198826106,0.488198826106,0.488197135428,0.488198631044,0.48819863695,0.48819863695,0.488177121538,0.488177121538,0.48819863695,0.767894975302,0.768158112672,0.724715368699,0.724715368699,0.724715368699,0.724715368699,0.724616180812,0.724715368699,0.724715368699,0.724715368699,0.724715368699,0.725716492128,0.736977880385,0.736977880385,0.76782427339,0.76782427339,0.767894621216,0.76782427339,0.768175716997,0.76782427339,0.768175716997,0.768175716997,0.258081544272,0.258081544272,0.258116051888,0.768175716997,0.768175716997,0.768175716997,0.768175716997,0.123926371196,0.768175716997,0.768175716997,0.504332012674,0.504332012674,0.768175716997,0.56190606508,0.562906425698,0.768175716997,0.767825548442,0.767825548442,0.76777719806,0.767825548442,0.767613245667,0.767613245667,0.767046826909,0.767613245667
0.090834608641,0.168450773927,0.359545379753,0.0236392044,0.383768680883,0.370122182122,0.387475197488,0.432112045118,0.430653304534,0.0741198987065,0.0410920686102,0.383007770984,0.3531436433,0.295814868757,0.0121597860741,0.0636660816804,0.147578487515,0.0785602227987,0.0326465738655,0.0316081879629,0.0445356990898,0.0272929014248,0.168253980441,0.0443710617807,0.0609439183708,0.0923253353853,0.0575964613372,0.0594015805003,0.0432110327449,0.0583999174334,0.0425859932981,0.0940391117704,0.0567697502376,0.0747162074722,0.0863471535276,0.0468473392578,0.087212831719,0.083391087868,0.51670128212,0.659399707479,0.50946735007,0.50700964103,0.0886504234035,0.881826586031,0.749971750017,0.880806484775,0.883882601833,0.848146331715,0.800302570497,0.838976027086,0.881680796253,0.546668926629,0.543201104153,0.507065848846,0.507392163317,0.841562841957,0.883196322872,0.883196322872,0.883179194655,0.121492547974,0.883196322872,0.883777463335,0.883196322872,0.883196322872,0.507362049828,0.507343719698,0.383963562586,0.840825187187,0.840825187187,0.840790264642,0.841562841957,0.883196322872,0.840825187187,0.840817900044,0.918021067265,0.918021067265,0.918021067265,0.918024835652,0.918021067265,0.89603666097,0.918021067265,0.918021067265,0.918021067265,0.0937375837589,0.918021067265,0.918021067265,0.918024835652,0.918024835652,0.918024835652,0.918021067265,0.918021067265,0.918021067265,0.918024835652,0.918406068076,0.918021067265,0.895518010168,0.895518010168,0.918024835652,0.936938052506,0.383963562586,0.558290917803,0.558278936519,0.939727879767,0.939727879767,0.939727879767,0.939727879767,0.939727879767,0.939727879767,0.939727879767,0.939727879767,0.939727879767,0.939727879767,0.463116689112,0.939727879767,0.939727879767,0.504333326451,0.558290917803,0.0933934981723,0.583833303088,0.583817741794,0.583833303088,0.583833303088,0.939727879767,0.939727879767,0.939727879767,0.939727879767,0.939727879767,0.939727879767,0.939727879767,0.939727879767,0.939727879767,0.939727879767,0.939727879767,0.939727879767,0.939727879767,0.939727879767,0.939727879767,0.939727879767,0.939727879767,0.750601239259,0.939727879767,0.939727879767,0.939727879767,0.507056365792,0.507056365792,0.497573263952,0.519092801601,0.749665796653,0.749665796653,0.749665796653,0.558843615612,0.939727879767,0.939727879767,0.939727879767,0.939727879767,0.749665796653,0.749665796653,0.939703428566,0.93970592841,0.939703428566,0.939703428566,0.939703428566,0.939703428566,0.939703428566,0.883783146383,0.883774086344,0.939703428566,0.939703428566,0.939703428566,0.939702663333,0.939703428566,0.939703428566,0.939703428566,0.495022837624,0.495022837624,0.495022837624,0.495022837624,0.381298872804,0.939703428566,0.939703428566,0.939703428566,0.939703428566,0.939703428566,0.939703428566,0.939703428566,0.937992323998,0.936026590502,0.381282708254,0.504337801655,0.936026590502,0.933743787653,0.749512750405,0.928681936767,0.928681936767,0.935993137293,0.935993137293,0.935993137293,0.933743787653,0.933743787653,0.933705833379
0.137046570752,0.442259843975,0.0370207882593,0.0838260919885,0.256146227513,0.277752948763,0.386219878784,0.272257232785,0.0486981476526,0.169271273352,0.087868696617,0.414515988812,0.00851843374477,0.177898729289,0.0415211365189,0.0144058176928,0.125804423446,0.448759534831,0.275518298666,0.376269565867,0.402121380662,0.134220249353,0.207957643265,0.279208746874,0.401244849375,0.303870721801,0.457227787315,0.445134721534,0.447436313592,0.473409661903,0.0889057560382,0.451358806488,0.451393752154,0.451393086019,0.45144932308,0.450763514384,0.413616685401,0.451382763069,0.36752726717,0.0987639132077,0.0240734651399,0.22253221076,0.0492940187386,0.0681519649795,0.439925395339,0.491766468839,0.485759743044,0.4957128853,0.33413435509,0.0982119315138,0.292394495485,0.302337723598,0.295100949589,0.295886139985,0.293245150766,0.332773044681,0.490659571245,0.490765730715,0.490647379782,0.490647379782,0.490482846183,0.484832086453,0.490591272375,0.50304328036,0.567486479342,0.567427067717,0.567419451441,0.562882338473,0.567448795935,0.567419360461,0.567408615931,0.567427067717,0.567410081597,0.567411218911,0.56744273842,0.582813872515,0.582722917212,0.582819207595,0.490807934366,0.49070153445,0.49070153445,0.490694904264,0.582813872515,0.582807141894,0.56946712297,0.569255159212,0.58285257047,0.582813872515,0.582813872515,0.514193860832,0.514193860832,0.582833968127,0.58270123793,0.582381332377,0.408353753432,0.503728021691,0.503645802661,0.503644215773,0.503644215773,0.582840634609,0.582840634609,0.582825912242,0.582831914591,0.582840634609,0.582840634609,0.582840634609,0.58284660838,0.58284660838,0.582840634609,0.582840634609,0.582840634609,0.582840634609,0.582840634609,0.582840634609,0.58284660838,0.582843961844,0.582843961844,0.58284660838,0.582840634609,0.582843961844,0.582840634609,0.580840452099,0.562526459564,0.562526459564,0.566857322869,0.582816622734,0.582589693245,0.547729222778,0.515563128793,0.490817391987,0.49069171523,0.498254710494,0.496058547564,0.498254710494,0.480841147217,0.514054799204,0.514073406353,0.514040548877,0.513445003593,0.514106260942,0.514793827696,0.514040548877,0.567421992948,0.514007688518,0.505737470126,0.505308533154,0.408056348836,0.567421992948,0.567502693598,0.514598730175,0.582375166789,0.567531701893,0.567531701893,0.582487708108,0.582704977123,0.582843961844,0.645111114134,0.645120124821,0.644582540466,0.645161460831,0.665221537592,0.665256161244,0.524432717677,0.507626525211,0.665221537592,0.640140820257,0.640140820257,0.640140820257,0.638939861939,0.639403340908,0.639291679806,0.639249354984,0.639249354984,0.412575848185,0.412575848185,0.412645278832,0.412645278832,0.412645278832,0.412645278832,0.413564996215,0.665290768226,0.665290768226,0.665290768226,0.665290768226,0.665290768226,0.665273466818,0.664925846851,0.664971539218,0.621038532525,0.665290768226,0.665290768226,0.645102099066,0.644601582568,0.507695949703,0.498248518195,0.498248518195,0.665287922753,0.665287922753,0.665287922753,0.665287922753
0.168453802717,0.0449869271544,0.0703203241807,0.1147855744,0.261431548433,0.381910701647,0.0921216337577,0.0232909150023,0.393906730867,0.406761839552,0.168680538007,0.380847925831,0.398491984829,0.318940912129,0.332200953623,0.361899015791,0.183942398442,0.314968321267,0.212269931588,0.340200953209,0.390371612243,0.281820499827,0.219804508759,0.28965168741,0.276631108587,0.423703184631,0.206693594909,0.205916194433,0.289571607663,0.202835156574,0.219544707866,0.281651071156,0.337470633038,0.43987392279,0.425719319788,0.405705750544,0.40583355263,0.353315778487,0.406556767242,0.359006331085,0.403633967758,0.353284153473,0.409994427126,0.475342377247,0.355333518883,0.356195238823,0.705439262128,0.705437574506,0.705546269838,0.705439262128,0.70544281061,0.705522168936,0.705522168936,0.77483299726,0.772991402056,0.773032158926,0.776219838522,0.776220706447,0.705441307458,0.705543246006,0.777840575548,0.77711060341,0.777131190962,0.777099594204,0.420277628563,0.777360860227,0.77788044952,0.777345901682,0.777345901682,0.778056677881,0.779032086773,0.780022397874,0.476364438533,0.476365086185,0.7807331732,0.78024382968,0.780233663875,0.494368090733,0.780241407031,0.780938965703,0.781048324206,0.705304899413,0.780229625288,0.780927341754,0.780228253356,0.780231484337,0.425317633413,0.780242458119,0.780722302983,0.779480554651,0.420131861362,0.413227234951,0.41528561754,0.415287411684,0.416438576064,0.780033414897,0.780023209081,0.780023209081,0.705415765725,0.705519558233,0.780022397874,0.780022397874,0.780022397874,0.780022397874,0.780022397874,0.780223162846,0.499078059732,0.780021020585,0.780021020585,0.780021020585,0.780021020585,0.780023209081,0.780021831812,0.780021831812,0.780021831812,0.776807551127,0.779053639858,0.779997243769,0.779997243769,0.780022397874,0.703235471343,0.78017790152,0.78017733688,0.780021020585,0.780021831812,0.780229061122,0.780229625288,0.780023209081,0.780229061122,0.780228253356,0.218320762664,0.780229625288,0.780229625288,0.780229625288,0.780228253356,0.780228253356,0.780228253356,0.780228253356,0.499010846575,0.499011037379,0.780228253356,0.419227609456,0.419227609456,0.780229625288,0.284914429202,0.284916419101,0.780228253356,0.780228253356,0.780228253356,0.780228253356,0.780229625288,0.419227609456,0.418238261892,0.780229625288,0.780229625288,0.780229625288,0.780229625288,0.780229625288,0.780229625288,0.780229625288,0.780229625288,0.780229625288,0.780229625288,0.780229625288,0.780229625288,0.780229625288,0.780229625288,0.780229625288,0.780230433033,0.778080196172,0.778080196172,0.780229625288,0.780229625288,0.780022397874,0.780229625288,0.780229625288,0.619432367532,0.780229625288,0.780022397874,0.780927341754,0.780927341754,0.780722861407,0.780722861407,0.780722861407,0.428729511158,0.428729511158,0.425316954096,0.425316954096,0.780722861407,0.780722861407,0.645572487102,0.645572487102,0.645572487102,0.780722861407,0.780927341754,0.780722861407,0.780927341754,0.780825212557,0.780927341754,0.780927341754
0.115557637352,0.314977183795,0.318495838007,0.237980914996,0.11795177357,0.0495011482891,0.420875020933,0.196414194092,0.0293652973879,0.049556160934,0.163173277582,0.138168587076,0.239380324681,0.306180105427,0.254889156855,0.133672688148,0.0187139606476,0.242010680476,0.20759654968,0.20622647047,0.176218839546,0.07222186998,0.0473701309342,0.299768176079,0.271109329448,0.157125136058,0.184180086195,0.0193045293268,0.328557843345,0.271505022277,0.0511415453238,0.130703221424,0.123539086935,0.0424761583169,0.247113652513,0.185143059904,0.22187029794,0.503114743879,0.226421628112,0.493993643415,0.410441035118,0.503271913262,0.503373443956,0.503469829466,0.891625172896,0.877509867891,0.880029757732,0.851789679813,0.851789679813,0.880061672391,0.878094544965,0.879799072246,0.879634214924,0.879799072246,0.879785035984,0.879766106241,0.879765076009,0.879798042099,0.879765076009,0.879765076009,0.879633184352,0.879798042099,0.577820264065,0.879766106241,0.886847255809,0.889141348331,0.887102892931,0.886847255809,0.886847255809,0.879765076009,0.879765076009,0.886847255809,0.886847255809,0.786301485747,0.887102892931,0.888887192256,0.71338828838,0.485945383338,0.485945383338,0.889141348331,0.975728206528,0.975734437028,0.975887282987,0.973108819999,0.974442299749,0.785168873503,0.798844504634,0.798844504634,0.974442299749,0.974442299749,0.975733814651,0.602953061909,0.602953061909,0.602931766502,0.447948688649,0.975733814651,0.975733814651,0.975728206528,0.975734437028,0.975734437028,0.975734437028,0.975734437028,0.975734437028,0.976985344582,0.975728206528,0.975728206528,0.975728206528,0.975728206528,0.50932216809,0.829460274269,0.67494701419,0.67494701419,0.485945383338,0.674924651374,0.674924651374,0.674924859274,0.674924651374,0.67494701419,0.226471003882,0.976603199571,0.976603199571,0.976603199571,0.976603199571,0.976603199571,0.976984739409,0.976984739409,0.976984739409,0.503533698507,0.976984739409,0.97698050296,0.97698050296,0.97698050296,0.976985344582,0.976986539665,0.725802915524,0.725802915524,0.725785297723,0.976986539665,0.976990775449,0.976990775449,0.976984739409,0.97698593452,0.158907835482,0.158921709982,0.602929475813,0.602929475813,0.602953061909,0.602931766502,0.60291344102,0.602934736645,0.876481228088,0.991882710349,0.991880191949,0.991880191949,0.99188047181,0.991880191949,0.991880191949,0.99188047181,0.991882430565,0.991882430565,0.991882430565,0.960009037731,0.960009037731,0.960008152394,0.602804171029,0.602932445991,0.602932445991,0.602932445991,0.602932445991,0.590075335309,0.590075335309,0.602911150339,0.624629055246,0.969807093672,0.991882430565,0.991880191949,0.991900317177,0.991882710349,0.991882710349,0.644821739453,0.503533919704,0.876482361884,0.877368764009,0.994303333276,0.994303333276,0.994303333276,0.994303333276,0.994303333276,0.0332295513383,0.952903530305,0.988443986032,0.988443610369,0.87658904781,0.988443610369,0.988443610369,0.988443610369,0.988443610369,0.786282869907,0.786282869907,0.786282869907
0.194545623337,0.13158930779,0.333550599307,0.294329307774,0.127410275015,0.210127264874,0.111177126165,0.209285829294,0.169638574765,0.0435247164914,0.151630665165,0.281359062997,0.00778392503479,0.178901945076,0.0596875223724,0.149258284572,0.13948476227,0.1396425602,0.00647645818288,0.0142611867326,0.178197876395,0.0264089582846,0.0374968460217,0.0195623919889,0.118198170741,0.0378083647582,0.107270437291,0.077511916485,0.570170752456,0.692025047826,0.559096879624,0.434437519927,0.0914368064434,0.815185874659,0.853330067951,0.862081294201,0.873247907746,0.838444676749,0.90074760187,0.886134103854,0.86542318974,0.865448097621,0.507666428871,0.505378894823,0.85557060845,0.882766209701,0.886611836563,0.855338828027,0.850047348802,0.853566355746,0.852176239289,0.91182926909,0.913599679853,0.920826772656,0.901305272125,0.733963953432,0.0923463150084,0.827336578779,0.839114055964,0.256152331272,0.901309670547,0.914388361137,0.914388361137,0.914385287888,0.704418234221,0.712496567177,0.718404054945,0.718404054945,0.718404054945,0.0727403212376,0.704418234221,0.719330033665,0.719330033665,0.913730149406,0.913599928146,0.934550120935,0.913730149406,0.915173411405,0.935003898838,0.935003898838,0.939680566605,0.940399624145,0.495172316113,0.940399624145,0.939922308413,0.939680566605,0.940175197919,0.939922308413,0.939651136214,0.939922308413,0.939922308413,0.940399624145,0.939922308413,0.939922308413,0.939922308413,0.939680566605,0.940891316447,0.941153706445,0.940639931267,0.938310884247,0.940639931267,0.940175197919,0.249070189168,0.249070189168,0.939922308413,0.939922308413,0.939922308413,0.939922308413,0.939922308413,0.939922308413,0.917496598997,0.939922308413,0.939922308413,0.939922308413,0.939922308413,0.939922308413,0.874278969016,0.939922308413,0.939922308413,0.939922308413,0.928670799915,0.939922308413,0.939922308413,0.939922308413,0.939922308413,0.939922308413,0.939922308413,0.726351203969,0.72543362554,0.724639145362,0.740246948416,0.664167676475,0.724639145362,0.724701113858,0.726351203969,0.726351203969,0.934523236974,0.886766493846,0.885802070637,0.888427516974,0.939922308413,0.939922308413,0.939922308413,0.939922308413,0.939922308413,0.939922308413,0.939922308413,0.00190634306569,0.72543362554,0.939922308413,0.169493696237,0.940639931267,0.501728812182,0.939926174267,0.41343001786,0.725557428708,0.72543362554,0.727391437211,0.72726792726,0.277687522681,0.725557428708,0.725557428708,0.724515196362,0.72543362554,0.725557428708,0.940639931267,0.939922308413,0.939922308413,0.939926174267,0.724639145362,0.726474860787,0.725619324262,0.939926174267,0.939922308413,0.939926174267,0.0549135768769,0.250058956668,0.730182819609,0.524612341922,0.918962270613,0.91898277971,0.0155523185252,0.917455253495,0.939922308413,0.939922308413,0.917496598997,0.939924241,0.939924241,0.939924241,0.939926174267,0.940643774152,0.940639931267,0.940639931267,0.940643774152,0.940643774152,0.940643774152,0.942062875583,0.940639931267,0.940639931267,0.940643774152
0.047578232089,0.0285190831505,0.457520963219,0.230583964548,0.0783368622914,0.476964071753,0.432823728693,0.0109688131739,0.291191728797,0.246831113431,0.298005378921,0.358998134886,0.383057037407,0.450703906124,0.457385026346,0.429812230075,0.429864269107,0.364370965942,0.460195036578,0.350691718226,0.44891483345,0.428058120859,0.400902568453,0.439718699505,0.42598114786,0.463899385016,0.424473391509,0.44039453187,0.418060053127,0.440092128701,0.223793523315,0.449668138013,0.481521451414,0.443685120705,0.462784990135,0.384588450296,0.438260857205,0.45193950395,0.431562266048,0.474127598189,0.457677736377,0.450420578404,0.402874962646,0.440069894259,0.405827646854,0.424933662135,0.446910729129,0.405707816247,0.466839933835,0.47727808929,0.481644523025,0.460594541597,0.481898182613,0.458035823545,0.481017884684,0.460259121984,0.479271109687,0.47852581804,0.477493975643,0.483115371723,0.475751279271,0.483225556067,0.48289073725,0.482889676139,0.476012803047,0.48132424406,0.478344004793,0.477528977612,0.480082071735,0.479248597551,0.47752952016,0.477533030934,0.483294008641,0.486320768821,0.480945862639,0.486235255712,0.480872864139,0.480862627244,0.480862627244,0.480872715331,0.478200462532,0.478233901188,0.478233796025,0.479652654764,0.480738889912,0.481324385072,0.481344670385,0.488290672047,0.480872758464,0.481344670385,0.481344670385,0.480871506677,0.481344381188,0.481340536062,0.452186846295,0.450921009431,0.452236550111,0.450924862477,0.450921334153,0.462807033417,0.450643904464,0.452078708393,0.452078708393,0.45219207395,0.452249378667,0.452191691042,0.45219207395,0.478057777806,0.462807874595,0.452191691042,0.462886667361,0.462887944729,0.462808295225,0.452191691042,0.453610778275,0.452191691042,0.45219207395,0.45219207395,0.452191691042,0.452191691042,0.405920381923,0.467586062321,0.462808295225,0.48132421884,0.467526840406,0.48132421884,0.467585817954,0.467586062321,0.467586062321,0.467586062321,0.467586062321,0.485785488382,0.467557440124,0.467557440124,0.467557440124,0.481342794675,0.46752707509,0.48132421884,0.48132421884,0.478207459204,0.48132421884,0.481322990586,0.481322990586,0.48132421884,0.48132421884,0.481344043196,0.459723660835,0.459723345149,0.459723345149,0.485790588117,0.481322990586,0.481322990586,0.481322990586,0.48132421884,0.48132421884,0.481322889815,0.481322889815,0.481322990586,0.48132421884,0.48132421884,0.481322949075,0.481322990586,0.481322990586,0.481322990586,0.481322990586,0.481322990586,0.481322990586,0.481322990586,0.481322990586,0.481322990586,0.474016742683,0.478139212969,0.478139212969,0.478139212969,0.478139212969,0.478139212969,0.477874785938,0.465571030781,0.477874785938,0.473973512327,0.473973512327,0.477874785938,0.477874785938,0.477874785938,0.472032404128,0.47727718474,0.474016742683,0.474016742683,0.474016742683,0.474016742683,0.467964425052,0.455138540173,0.477874785938,0.477874785938,0.467964425052,0.474016742683,0.474016742683,0.474016742683,0.47727718474,0.47727718474
0.0744541122694,0.251827599302,0.167690206587,0.144357963625,0.338033677165,0.101970051324,0.0985988867959,0.239790867424,0.217842364951,0.00804859757108,0.434632878654,0.0590984226466,0.0742771859731,0.155117326945,0.0368343997029,0.203881364038,0.412307533153,0.222909058115,0.000565271360415,0.224458257681,0.0145007600733,0.273111250658,0.376888303153,0.406380946678,0.246583623785,0.076145883002,0.100859519441,0.142369608731,0.00520893268251,0.169296611529,0.232091001551,0.192494861018,0.187264809155,0.125394111661,0.60854287017,0.576687328854,0.428857266632,0.015180500387,0.171225841343,0.426683391806,0.576850292786,0.577379366765,0.577213277206,0.483974702874,0.576667722738,0.576775907288,0.573635644458,0.576670277074,0.695326575663,0.695326575663,0.69831799323,0.703385580383,0.702371861571,0.702827692932,0.708033522253,0.702369743009,0.703245652945,0.513893552098,0.768362948557,0.779745768413,0.76666242333,0.768071247708,0.855351917151,0.85575213413,0.855725625783,0.547523674386,0.117772022633,0.500246735017,0.499929268314,0.855364894882,0.855700215536,0.855479379173,0.855699796697,0.855364894882,0.855352374766,0.855364159366,0.855724952235,0.855363703013,0.118081670991,0.470496694247,0.855589672419,0.855364159366,0.855364159366,0.855591398095,0.855714834375,0.855637306324,0.855353112203,0.85525699305,0.236525701615,0.855257745821,0.855638421457,0.855713165887,0.855713165887,0.855626953594,0.855638421457,0.117721905062,0.117721905062,0.117725617427,0.855627380783,0.855625671733,0.855625671733,0.488458088562,0.855714834375,0.855627380783,0.843494635159,0.842302319617,0.84199562252,0.841368373756,0.841681080103,0.544748147124,0.544842644798,0.247249301066,0.544748147124,0.544745679491,0.547156502173,0.547292176733,0.841525099202,0.846012405622,0.841504819813,0.845878936235,0.845883118593,0.845878936235,0.845883118593,0.845878936235,0.846277076202,0.846016564362,0.846016564362,0.846538720254,0.846012405622,0.846277076202,0.846408276713,0.846538720254,0.846538720254,0.846538720254,0.846538720254,0.846538720254,0.846538720254,0.846538720254,0.846538720254,0.418655166428,0.47518418577,0.47518418577,0.846538720254,0.846538720254,0.846538720254,0.846538720254,0.846538720254,0.846538720254,0.846538720254,0.846538720254,0.846538720254,0.846797335078,0.500234850965,0.846797099879,0.846538720254,0.50409735383,0.846797335078,0.846538720254,0.846538720254,0.846538720254,0.846538720254,0.818325403142,0.818325403142,0.818325403142,0.846538720254,0.818325403142,0.818325403142,0.818325403142,0.818814304011,0.818814304011,0.50409735383,0.778407565483,0.778407565483,0.856115660366,0.856116254687,0.544905848832,0.856116254687,0.856116254687,0.856116254687,0.763665541447,0.763665541447,0.763665541447,0.856116254687,0.856116254687,0.855380158332,0.855380158332,0.117732582822,0.856116254687,0.856116254687,0.856116254687,0.856116254687,0.818814304011,0.818814304011,0.856116254687,0.856116254687,0.707895484697,0.856116254687,0.85269497839,0.85269497839,0.85269497839
0.197160852088,0.177282037032,0.0136699189558,0.175596105658,0.331660112255,0.408740374941,0.353662106347,0.00127420520331,0.390820247338,0.310402251465,0.296133431576,0.247543809482,0.31970749662,0.429814266985,0.019314510595,0.35465380939,0.0613303416605,0.0413270558952,0.083593956365,0.201670390509,0.406810969623,0.316305924505,0.316664179185,0.240957797137,0.160967113812,0.425289959608,0.30550096598,0.261396256208,0.169333310014,0.393500843291,0.406579947885,0.427092345135,0.453355946563,0.450673440188,0.470015976784,0.478365880951,0.484987306243,0.467412471646,0.467094528342,0.470593662627,0.466840515652,0.470956778297,0.469286257768,0.484993440798,0.463385858054,0.460670212302,0.483291845981,0.484311300497,0.485210856225,0.489375973277,0.482211574546,0.486829128151,0.486886555575,0.489861050316,0.485064907439,0.484290320419,0.490686966132,0.484311136445,0.489132771263,0.495444978961,0.494847046648,0.493252749994,0.495226013335,0.494900013806,0.495234420606,0.482679198015,0.480814510304,0.491235389297,0.491235451272,0.491890075747,0.496415666349,0.491876044312,0.496993778533,0.495264698834,0.495230022778,0.496795552405,0.496791384928,0.496791378067,0.496791760459,0.496791760459,0.496791760459,0.496791760459,0.496791384928,0.496791384928,0.496791379234,0.496791469794,0.496791753186,0.488592272895,0.488592272895,0.488592272895,0.482369682004,0.483188246479,0.48859457596,0.48859457596,0.496790699557,0.481386544012,0.460738614465,0.481381315854,0.467598088242,0.460046318619,0.488588433724,0.48859457596,0.498354774534,0.498287761294,0.496791760459,0.496791760459,0.496990760998,0.498354774534,0.497333091802,0.498354774534,0.49782973521,0.498355988594,0.498354774534,0.498360850843,0.498364427665,0.498287761294,0.498287761294,0.498147989941,0.498147989941,0.498149090062,0.498156192844,0.498156192844,0.498156192844,0.498156192844,0.498156192844,0.498156192844,0.498156192844,0.498156192844,0.498156192844,0.498157524434,0.498288940935,0.498288940935,0.498288940935,0.498157524434,0.498157524434,0.498156192844,0.498157524434,0.498337435613,0.498157524434,0.498364503824,0.498364503824,0.498364503824,0.498364503824,0.498364503824,0.496990760998,0.498364503824,0.498364503824,0.498337435613,0.498337435613,0.498337435613,0.498337435613,0.498364503824,0.498364503824,0.498364503824,0.498364503824,0.498364503824,0.498364503824,0.498364503824,0.498364503824,0.498364503824,0.498364503824,0.489801236387,0.489801236387,0.489801236387,0.489801236387,0.489801236387,0.489801236387,0.489801236387,0.498156192844,0.497125505206,0.497125505206,0.497125505206,0.497125505206,0.498357404565,0.498364503824,0.498364503824,0.498364503824,0.498350325901,0.498364503824,0.498362067904,0.498364503824,0.498364503824,0.498364503824,0.498364503824,0.498364503824,0.498364503824,0.498364503824,0.498364503824,0.498364503824,0.498364503824,0.498364503824,0.498364503824,0.498364503824,0.498287761294,0.498287761294,0.498364503824,0.49782887898,0.498364503824,0.498364503824,0.49836439274
0.0403745854251,0.0771291942841,0.10217055062,0.0277946270902,0.0776397000037,0.245211757515,0.372074476104,0.230559486238,0.0867989697713,0.137178002115,0.0119258166597,0.0163558987779,0.0784850195057,0.018805898609,0.1968772142,0.0946251285279,0.255797524997,0.169963704043,0.221726258209,0.2911109889,0.118290767887,0.0750060706006,0.312796792571,0.0518252481213,0.352492585573,0.286522997965,0.203236257425,0.363173297529,0.197513433634,0.375190728997,0.352199251355,0.00733724556233,0.38509831766,0.303118060366,0.322777629608,0.0372108208977,0.0481546342474,0.0909518818344,0.227869134572,0.405965906097,0.407328574203,0.440453769871,0.407978274438,0.40800452788,0.408582177343,0.426700364157,0.428295978871,0.428295978871,0.427282331488,0.456627356474,0.462782612645,0.453539538387,0.461218127643,0.462009119449,0.462237647917,0.46278751648,0.464035836034,0.47447053334,0.462237408873,0.470651378516,0.470651038097,0.442814336137,0.442548095083,0.453539164329,0.450685185702,0.442821592312,0.450783378741,0.450783378741,0.442555087458,0.452974894033,0.453342503421,0.453173321871,0.455447397853,0.452980615587,0.453342142146,0.471480414117,0.453724762348,0.463951410834,0.453162898941,0.473050115311,0.461048653835,0.461068741486,0.461393935212,0.461372744787,0.461372063014,0.461391781451,0.453331749023,0.470752116902,0.453162574338,0.463505676678,0.461371427195,0.460036902647,0.461372063014,0.453727488008,0.461372063014,0.453712972423,0.453345368763,0.45334247773,0.45334247773,0.452652240193,0.452642939464,0.460035552932,0.464447738138,0.470734064756,0.463480258263,0.464459679952,0.470734064756,0.470734064756,0.463480258263,0.463480258263,0.463480258263,0.464448111109,0.472245577334,0.501330286825,0.490727075291,0.471486319904,0.477095764504,0.476346715164,0.490727075291,0.501331194558,0.498676186988,0.498676186988,0.490727980771,0.498312098944,0.498311475963,0.501331194558,0.501330286825,0.501330286825,0.501330286825,0.501330286825,0.501330286825,0.501330286825,0.501330286825,0.501341548879,0.501340641167,0.501330286825,0.501330286825,0.501330286825,0.501330286825,0.501330286825,0.501330286825,0.501330286825,0.501330286825,0.501331194558,0.501340641167,0.501341548879,0.50063994943,0.530127832587,0.530127832587,0.530127832587,0.507347231417,0.507339450257,0.507339450257,0.505708234487,0.505708234487,0.505708234487,0.497777855797,0.507339450257,0.507339450257,0.518636329124,0.518645311216,0.518637149939,0.518636329124,0.518636329124,0.518636329124,0.518636329124,0.518636329124,0.518636329124,0.498311573523,0.518636329124,0.518636329124,0.518636329124,0.518636329124,0.518636329124,0.498311573523,0.488457413633,0.518636329124,0.51821500161,0.498724575904,0.498099132647,0.487854192429,0.487854192429,0.487851617043,0.487855366123,0.487852790718,0.488453650447,0.518215826584,0.518636329124,0.518637149939,0.51821500161,0.461767328237,0.518646131938,0.518646131938,0.518224030425,0.518224030425,0.472543886466,0.51821500161,0.51821500161,0.51821500161,0.51821500161
